국가,방한 외래관광객,전년동기 관광객,전년대비 증감률,구성비,순위
총계,1.29692683E8,1.10754344E8,17.1,0.0,0
중국,4.2221447E7,3.6740478E7,14.9,32.9,1
일본,2.2603874E7,1.8950737E7,19.3,17.6,2
미국,9372563.0,7889323.0,18.8,7.3,3
대만,9222797.0,7331383.0,25.8,7.2,4
홍콩,4960768.0,4337619.0,14.4,3.9,5
필리핀,4279598.0,3664457.0,16.8,3.3,6
태국,3772283.0,3438353.0,9.7,2.9,7
베트남,3515615.0,2972510.0,18.3,2.7,8
말레이시아,2647106.0,2317959.0,14.2,2.1,9
인도네시아,2419635.0,2054039.0,17.8,1.9,10
싱가포르,2389593.0,1989958.0,20.1,1.9,11
러시아,2084604.0,1860080.0,12.1,1.6,12
캐나다,1793607.0,1510989.0,18.7,1.4,13
호주,1564280.0,1297123.0,20.6,1.2,14
교포,1428326.0,1402488.0,1.8,1.1,15
인도,1364800.0,1165523.0,17.1,1.1,16
영국,1174098.0,1002158.0,17.2,0.9,17
독일,1131877.0,956041.0,18.4,0.9,18
프랑스,1054311.0,874235.0,20.6,0.8,19
몽골,1022396.0,855495.0,19.5,0.8,20
미얀마,727548.0,641258.0,13.5,0.6,21
우즈베키스탄,617011.0,549111.0,12.4,0.5,22
이탈리아,471089.0,389761.0,20.9,0.4,23
카자흐스탄,428050.0,363060.0,17.9,0.3,24
네덜란드,390168.0,327473.0,19.1,0.3,25
마카오,366616.0,321173.0,14.1,0.3,26
캄보디아,343479.0,291785.0,17.7,0.3,27
뉴질랜드,317041.0,272409.0,16.4,0.2,28
튀르키예,305741.0,245539.0,24.5,0.2,29
멕시코,288498.0,202995.0,42.1,0.2,30
스페인,286113.0,226979.0,26.1,0.2,31
네팔,280485.0,229228.0,22.4,0.2,32
폴란드,245483.0,191186.0,28.4,0.2,33
우크라이나,237608.0,214102.0,11.0,0.2,34
브라질,206789.0,165182.0,25.2,0.2,35
스리랑카,195562.0,166194.0,17.7,0.2,36
스웨덴,166897.0,141762.0,17.7,0.1,37
스위스,165737.0,136522.0,21.4,0.1,38
방글라데시,165619.0,139714.0,18.5,0.1,39
이스라엘,133878.0,108929.0,22.9,0.1,40
벨기에,130737.0,109349.0,19.6,0.1,41
사우디아라비아,129989.0,108991.0,19.3,0.1,42
루마니아,126557.0,107780.0,17.4,0.1,43
파키스탄,124193.0,108872.0,14.1,0.1,44
노르웨이,122457.0,107667.0,13.7,0.1,45
핀란드,118676.0,103005.0,15.2,0.1,46
남아프리카공화국,117896.0,98554.0,19.6,0.1,47
덴마크,116845.0,99031.0,18.0,0.1,48
오스트리아,114126.0,97016.0,17.6,0.1,49
라오스,113593.0,85531.0,32.8,0.1,50
포르투갈,101585.0,84119.0,20.8,0.1,51
체코,92611.0,79473.0,16.5,0.1,52
그리스,92232.0,79692.0,15.7,0.1,53
아랍에미리트,89039.0,79796.0,11.6,0.1,54
아일랜드,84847.0,69900.0,21.4,0.1,55
키르기스스탄,74592.0,61805.0,20.7,0.1,56
콜롬비아,66059.0,50239.0,31.5,0.1,57
이집트,63756.0,56639.0,12.6,0.0,58
불가리아,62303.0,54547.0,14.2,0.0,59
에티오피아,57136.0,47355.0,20.7,0.0,60
크로아티아,56059.0,49007.0,14.4,0.0,61
헝가리,54345.0,45207.0,20.2,0.0,62
이란,49063.0,45102.0,8.8,0.0,63
칠레,48747.0,39992.0,21.9,0.0,64
아르헨티나,48097.0,38248.0,25.8,0.0,65
브루나이,45039.0,36970.0,21.8,0.0,66
페루,43514.0,36024.0,20.8,0.0,67
모로코,36813.0,31151.0,18.2,0.0,68
타지키스탄,36661.0,29871.0,22.7,0.0,69
세르비아,33988.0,29860.0,13.8,0.0,70
슬로바키아,31276.0,26156.0,19.6,0.0,71
리투아니아,27820.0,21926.0,26.9,0.0,72
케냐,27395.0,22324.0,22.7,0.0,73
쿠웨이트,25183.0,20842.0,20.8,0.0,74
요르단,24410.0,21748.0,12.2,0.0,75
나이지리아,24281.0,22310.0,8.8,0.0,76
이라크,22376.0,19701.0,13.6,0.0,77
라트비아,22309.0,18752.0,19.0,0.0,78
가나,21882.0,19647.0,11.4,0.0,79
튀니지,20815.0,17401.0,19.6,0.0,80
리비아,20578.0,18249.0,12.8,0.0,81
에콰도르,19818.0,16456.0,20.4,0.0,82
피지,18699.0,17763.0,5.3,0.0,83
시리아,17741.0,15184.0,16.8,0.0,84
몬테네그로,17363.0,15059.0,15.3,0.0,85
온두라스,16901.0,15120.0,11.8,0.0,86
베네수엘라,16748.0,14469.0,15.8,0.0,87
벨라루스,16035.0,13466.0,19.1,0.0,88
카타르,15228.0,13157.0,15.7,0.0,89
슬로베니아,14969.0,12315.0,21.6,0.0,90
에스토니아,13945.0,11298.0,23.4,0.0,91
모리셔스,13697.0,11445.0,19.7,0.0,92
코스타리카,13594.0,10646.0,27.7,0.0,93
아제르바이잔,12869.0,10915.0,17.9,0.0,94
동티모로,12864.0,10955.0,17.4,0.0,95
탄자니아,12682.0,10764.0,17.8,0.0,96
알제리,12625.0,10838.0,16.5,0.0,97
조지아,11822.0,10045.0,17.7,0.0,98
그루지아,11822.0,10045.0,17.7,0.0,98
오만,11635.0,9518.0,22.2,0.0,100
아시아 기타,11372.0,10375.0,9.6,0.0,101
마다가스카르,11340.0,9379.0,20.9,0.0,102
과테말라,11190.0,9269.0,20.7,0.0,103
도미니카 공화국,10823.0,8985.0,20.5,0.0,104
파나마,10795.0,8787.0,22.9,0.0,105
짐바브웨,10435.0,7228.0,44.4,0.0,106
레바논,9831.0,8676.0,13.3,0.0,107
자메이카,9822.0,8525.0,15.2,0.0,108
룩셈부르크,9226.0,7269.0,26.9,0.0,109
키프로스,8225.0,6722.0,22.4,0.0,110
예멘,7932.0,6855.0,15.7,0.0,111
엘살바도르,7898.0,6696.0,18.0,0.0,112
우간다,7844.0,6794.0,15.5,0.0,113
수단,7463.0,7004.0,6.6,0.0,114
카메룬,6668.0,6134.0,8.7,0.0,115
투르크메니스탄,6248.0,4529.0,38.0,0.0,116
바레인,6173.0,5115.0,20.7,0.0,117
아이슬란드,6078.0,5236.0,16.1,0.0,118
키리바시,6036.0,5930.0,1.8,0.0,119
파라과이,5949.0,4906.0,21.3,0.0,120
아프가니스탄,5726.0,5455.0,5.0,0.0,121
볼리비아,5548.0,4985.0,11.3,0.0,122
우르과이,5455.0,4398.0,24.0,0.0,123
르완다,4933.0,4103.0,20.2,0.0,124
알바니아,4926.0,3906.0,26.1,0.0,125
몰타,4730.0,3615.0,30.8,0.0,126
세네갈,4620.0,4174.0,10.7,0.0,127
국적미상,4495.0,4230.0,6.3,0.0,128
부탄,4331.0,3810.0,13.7,0.0,129
니카라과,4259.0,3615.0,17.8,0.0,130
콩고민주공화국,4203.0,3626.0,15.9,0.0,131
트리니다드ㆍ토바고,4200.0,3487.0,20.4,0.0,132
코트디부아르,4197.0,3614.0,16.1,0.0,133
유고슬라비아,3879.0,3203.0,21.1,0.0,134
몰도바,3588.0,3067.0,17.0,0.0,135
세인트 킷츠 네비스,3530.0,2766.0,27.6,0.0,136
서사모아,2953.0,2642.0,11.8,0.0,137
잠비아,2888.0,2543.0,13.6,0.0,138
아르메니아,2883.0,2444.0,18.0,0.0,139
파푸아뉴기니,2844.0,2285.0,24.5,0.0,140
도미니카연방,2742.0,2106.0,30.2,0.0,141
보스니아ㆍ헤르체고비나,2706.0,2413.0,12.1,0.0,142
팔레스타인,2673.0,2432.0,9.9,0.0,143
라이베리아,2646.0,2494.0,6.1,0.0,144
몰디브,2632.0,2382.0,10.5,0.0,145
모잠비크,2628.0,2327.0,12.9,0.0,146
앙골라,2454.0,2317.0,5.9,0.0,147
미크로네시아,2036.0,1644.0,23.8,0.0,148
쿠바,2003.0,1747.0,14.7,0.0,149
부룬디,1960.0,1568.0,25.0,0.0,150
팔라우,1935.0,1781.0,8.6,0.0,151
보츠와나,1899.0,1627.0,16.7,0.0,152
바누아투,1843.0,1617.0,14.0,0.0,153
투발루,1640.0,1570.0,4.5,0.0,154
말리,1593.0,1444.0,10.3,0.0,155
감비아,1537.0,1169.0,31.5,0.0,156
말라위,1530.0,1346.0,13.7,0.0,157
가이아나,1504.0,1318.0,14.1,0.0,158
세인트 루치아,1496.0,1149.0,30.2,0.0,159
기니,1470.0,1322.0,11.2,0.0,160
세인트 빈센트 그레나딘,1445.0,1319.0,9.6,0.0,161
아이티,1430.0,1277.0,12.0,0.0,162
그레나다,1392.0,1019.0,36.6,0.0,163
영국교포,1349.0,1269.0,6.3,0.0,164
나미비아,1322.0,1138.0,16.2,0.0,165
통가,1297.0,1166.0,11.2,0.0,166
가봉,1286.0,1128.0,14.0,0.0,167
에스와티니,1284.0,1151.0,11.6,0.0,168
바하마,1278.0,847.0,50.9,0.0,169
솔로몬군도,1257.0,1102.0,14.1,0.0,170
토고,1192.0,1066.0,11.8,0.0,171
마케도니아,1132.0,916.0,23.6,0.0,172
바베이도스,1096.0,921.0,19.0,0.0,173
베냉,1023.0,871.0,17.5,0.0,174
마샬군도,1012.0,822.0,23.1,0.0,175
앤티가 바부다,993.0,808.0,22.9,0.0,176
부르키나 파소,951.0,829.0,14.7,0.0,177
콩고,916.0,845.0,8.4,0.0,178
세이셸,833.0,726.0,14.7,0.0,179
코소보,768.0,610.0,25.9,0.0,180
리히텐슈타인,739.0,628.0,17.7,0.0,181
수리남,682.0,562.0,21.4,0.0,182
시에라리온,668.0,564.0,18.4,0.0,183
벨리즈,600.0,493.0,21.7,0.0,184
레소토,578.0,522.0,10.7,0.0,185
안도라,509.0,382.0,33.2,0.0,186
적도 기니,471.0,401.0,17.5,0.0,187
남수단공화국,467.0,416.0,12.3,0.0,188
모리타니,446.0,361.0,23.5,0.0,189
나우루,410.0,364.0,12.6,0.0,190
코모로,395.0,372.0,6.2,0.0,191
니제르,380.0,347.0,9.5,0.0,192
카보베르데,369.0,305.0,21.0,0.0,193
소말리아,355.0,321.0,10.6,0.0,194
모나코,344.0,273.0,26.0,0.0,195
중앙아프리카공화국,314.0,266.0,18.0,0.0,196
차드,300.0,267.0,12.4,0.0,197
에리트레아,221.0,192.0,15.1,0.0,198
산마리노,196.0,154.0,27.3,0.0,199
기니비사우,158.0,145.0,9.0,0.0,200
지부티,144.0,130.0,10.8,0.0,201
상투메 프린시페,106.0,96.0,10.4,0.0,202
기타 유럽,65.0,65.0,0.0,0.0,203
바티칸,34.0,34.0,0.0,0.0,204
세르비아 앤 몬테네그로,15.0,15.0,0.0,0.0,205
영국령 인도양지역,13.0,13.0,0.0,0.0,206
토켈라우,12.0,8.0,50.0,0.0,207
영국령 버진군도,11.0,11.0,0.0,0.0,208
노퍽섬,9.0,9.0,0.0,0.0,209
푸에르토리코,7.0,7.0,0.0,0.0,210
뉴칼레도니아,6.0,6.0,0.0,0.0,211
미국령 사모아,4.0,4.0,0.0,0.0,212
니우에,3.0,3.0,0.0,0.0,213
프랑스령 폴리네시아,2.0,2.0,0.0,0.0,214
케이만군도,1.0,1.0,0.0,0.0,215
파로에군도,1.0,1.0,0.0,0.0,215
미국령 태평양군도,1.0,1.0,0.0,0.0,215
남조지아·남샌드위치군도,1.0,1.0,0.0,0.0,215
