Date,Closing Price,Opening Price,High,Low,Trading Volume,Change %
01-01-18,"1,069.08","1,067.38","1,077.85","1,055.67",,0.25%
02-01-18,"1,084.21","1,070.12","1,099.04","1,061.85",,1.42%
03-01-18,"1,060.25","1,085.21","1,088.32","1,060.47",,-2.21%
04-01-18,"1,069.33","1,060.56","1,084.95","1,052.78",,0.86%
05-01-18,"1,079.59","1,070.45","1,087.59","1,064.14",,0.96%
06-01-18,"1,113.91","1,080.59","1,126.10","1,065.78",,3.18%
07-01-18,"1,112.25","1,115.01","1,141.11","1,109.25",,-0.15%
08-01-18,"1,115.46","1,113.25","1,138.89","1,104.08",,0.29%
09-01-18,"1,109.98","1,115.65","1,131.77","1,107.14",,-0.49%
10-01-18,"1,141.02","1,110","1,147.18","1,108.39",,2.80%
11-01-18,"1,119.44","1,142.03","1,142.76","1,110.83",,-1.89%
12-01-18,"1,113.30","1,120.56","1,135.65","1,103.93",,-0.55%
01-01-19,"1,111.40","1,114.30","1,134.65","1,108.54",,-0.17%
02-01-19,"1,124.60","1,112.40","1,130.89","1,110.73",,1.19%
03-01-19,"1,136.10","1,125.95","1,140.36","1,123.36",,1.02%
04-01-19,"1,163.25","1,137.02","1,169.69","1,130.82",,2.39%
05-01-19,"1,187.80","1,164.25","1,197.09","1,160.21",,2.11%
06-01-19,"1,155.38","1,188.80","1,191.20","1,151.89",,-2.73%
07-01-19,"1,187.32","1,156.43","1,189.35","1,148.70",,2.76%
08-01-19,"1,209.50","1,188.32","1,224.55","1,185.88",,1.87%
09-01-19,"1,198.09","1,209.77","1,217.50","1,175.31",,-0.94%
10-01-19,"1,169.24","1,199.09","1,207.89","1,159.17",,-2.41%
11-01-19,"1,180.70","1,170.24","1,182.76","1,152.73",,0.98%
12-01-19,"1,154.07","1,181.42","1,196.20","1,152.94",,-2.26%
01-01-20,"1,194.97","1,155.07","1,198.55","1,150.30",,3.54%
02-01-20,"1,200.20","1,195.96","1,222.96","1,176.06",,0.44%
03-01-20,"1,218.30","1,200.21","1,292.93","1,178.81",,1.51%
04-01-20,"1,212.94","1,218.80","1,243.29","1,203.52",,-0.44%
05-01-20,"1,231.49","1,213.94","1,244.89","1,213.10",,1.53%
06-01-20,"1,199.28","1,231.47","1,232.19","1,184.24",,-2.62%
07-01-20,"1,193.59","1,199.44","1,208.74","1,186.27",,-0.47%
08-01-20,"1,187.94","1,194.10","1,197.12","1,176.04",,-0.47%
09-01-20,"1,164.65","1,188.07","1,193.21","1,156.46",,-1.96%
10-01-20,"1,136.49","1,164.75","1,168.28","1,124.69",,-2.42%
11-01-20,"1,109.32","1,136.60","1,147.82","1,101.61",,-2.39%
12-01-20,"1,084.47","1,109.82","1,112.74","1,080.39",,-2.24%
01-01-21,"1,117.64","1,085.69","1,121.76","1,080.02",,3.06%
02-01-21,"1,123.89","1,118.43","1,130.33","1,096.91",,0.56%
03-01-21,"1,127.17","1,124.89","1,145.60","1,102.06",,0.29%
04-01-21,"1,117.16","1,127.96","1,133.82","1,105.30",,-0.89%
05-01-21,"1,106.58","1,117.76","1,139.79","1,106.50",,-0.95%
06-01-21,"1,130.48","1,108.08","1,139.47","1,104.69",,2.16%
07-01-21,"1,151.41","1,130.63","1,159.96","1,128",,1.85%
08-01-21,"1,158.73","1,151.90","1,184.85","1,139.91",,0.64%
09-01-21,"1,184.23","1,158.95","1,192.41","1,152.54",,2.20%
10-01-21,"1,174.47","1,184.78","1,200.90","1,163.75",,-0.82%
11-01-21,"1,182.71","1,174.61","1,196.56","1,173.18",,0.70%
12-01-21,"1,187.96","1,182.84","1,193.81","1,172.62",,0.44%
01-01-22,"1,204.63","1,189.80","1,213.86","1,184.04",,1.40%
02-01-22,"1,200.12","1,204.75","1,211.47","1,189.64",,-0.37%
03-01-22,"1,214.17","1,201.18","1,247.35","1,197.68",,1.17%
04-01-22,"1,263.03","1,215.13","1,276.56","1,210.31",,4.02%
05-01-22,"1,242.26","1,264.65","1,293.14","1,234.43",,-1.64%
06-01-22,"1,287.51","1,242.48","1,307.92","1,238.47",,3.64%
07-01-22,"1,302.97","1,288.05","1,329.58","1,287.80",,1.20%
08-01-22,"1,341.19","1,303.29","1,353.54","1,294.54",,2.93%
09-01-22,"1,439.96","1,341.76","1,445.64","1,341.10",,7.36%
10-01-22,"1,425.83","1,440.23","1,446.62","1,397.24",,-0.98%
11-01-22,"1,301.65","1,427.03","1,429.63","1,300.60",,-8.71%
12-01-22,"1,260.92","1,301.72","1,326.55","1,253.26",,-3.13%
01-01-23,"1,233.30","1,261.95","1,281.26","1,224.96",,-2.19%
02-01-23,"1,323.02","1,233.72","1,327.21","1,215.83",,7.27%
03-01-23,"1,306.11","1,323.44","1,329.78","1,275.81",,-1.28%
04-01-23,"1,337.78","1,306.47","1,346.63","1,294.29",,2.42%
05-01-23,"1,320.56","1,338.17","1,344.13","1,307.65",,-1.29%
06-01-23,"1,315.11","1,322.33","1,325.07","1,265.75",,-0.41%
07-01-23,"1,277.86","1,316.97","1,317.31","1,256.71",,-2.83%
08-01-23,"1,325.14","1,278.28","1,345.77","1,274.88",,3.70%
09-01-23,"1,352.31","1,325.46","1,360.16","1,311.88",,2.05%
10-01-23,"1,352.15","1,352.65","1,364.12","1,335.28",,-0.01%
11-01-23,"1,299.35","1,353.15","1,359.76","1,283.53",,-3.90%
12-01-23,"1,294.40","1,300.91","1,327.93","1,283.82",,-0.38%
01-01-24,"1,333.59","1,294.80","1,350.61","1,290.95",,3.03%
02-01-24,"1,334.78","1,334.46","1,343.97","1,320.36",,0.09%
03-01-24,"1,345.09","1,335.81","1,353.61","1,307.02",,0.77%
04-01-24,"1,385.38","1,346.33","1,400.82","1,342.76",,3%
05-01-24,"1,381.68","1,386.03","1,388.90","1,342.88",,-0.27%
06-01-24,"1,380.73","1,383.10","1,395.87","1,363.15",,-0.07%
07-01-24,"1,369.08","1,381.28","1,392.65","1,366.79",,-0.84%
08-01-24,"1,336.56","1,367.69","1,379.79","1,316.94",,-2.38%
09-01-24,"1,317.01","1,337.57","1,348.53","1,302.94",,-1.46%
10-01-24,"1,372.58","1,317.55","1,394.18","1,315.57",,4.22%
11-01-24,"1,394.67","1,373.79","1,411.95","1,368.59",,1.61%
12-01-24,"1,476.78","1,395.96","1,487.37","1,395.52",,5.89%
01-01-25,"1,457.29","1,478.25","1,478.25","1,426.14",,-1.32%
02-01-25,"1,461.80","1,462.98","1,473.50","1,423.97",,0.31%
03-01-25,"1,473.05","1,461.80","1,477.32","1,437.80",,0.77%
04-01-25,"1,424.69","1,473.05","1,488.32","1,412.39",,-3.28%
05-01-25,"1,382.99","1,424.69","1,439.95","1,359.86",,-2.93%
06-01-25,"1,352.74","1,382.99","1,391.48","1,347.07",,-2.19%
07-01-25,"1,392.47","1,352.78","1,398.87","1,348.55",,2.94%
08-01-25,"1,388.97","1,392.93","1,406.77","1,374.92",,-0.25%
09-01-25,"1,404.14","1,388.97","1,414.47","1,371.94",,1.09%
10-01-25,"1,429.22","1,404.20","1,441.60","1,399.46",,1.79%
11-01-25,"1,467.62","1,429.62","1,480.59","1,425.80",,2.69%
12-01-25,"1,440.62","1,466.30","1,484.71","1,429",,-1.84%