year_month,country,country_group,actual_2024,actual_2025,pred_2026
2026-01,ETC,ETC_group,64561,67940,74555
2026-02,ETC,ETC_group,69438,77576,85129
2026-03,ETC,ETC_group,100413,110725,121505
2026-04,ETC,ETC_group,111398,138469,151950
2026-05,ETC,ETC_group,99360,113008,124011
2026-06,ETC,ETC_group,84943,100072,109815
2026-07,ETC,ETC_group,96225,108994,119606
2026-08,ETC,ETC_group,115744,132095,144956
2026-09,ETC,ETC_group,109756,127860,140309
2026-10,ETC,ETC_group,116454,135603,148805
2026-11,ETC,ETC_group,91898,108207,118742
2026-12,ETC,ETC_group,78139,88285,96880
2026-01,대만,A2_asia_surge,93589,135434,150779
2026-02,대만,A2_asia_surge,96704,120015,133613
2026-03,대만,A2_asia_surge,115578,140017,155882
2026-04,대만,A2_asia_surge,117606,151613,168792
2026-05,대만,A2_asia_surge,116956,150272,167299
2026-06,대만,A2_asia_surge,144255,164885,183567
2026-07,대만,A2_asia_surge,142721,199280,221860
2026-08,대만,A2_asia_surge,148735,191565,213270
2026-09,대만,A2_asia_surge,126130,154992,172554
2026-10,대만,A2_asia_surge,133433,161049,179297
2026-11,대만,A2_asia_surge,119505,158374,176319
2026-12,대만,A2_asia_surge,118696,163918,182491
2026-01,독일,A1_western_surge,6484,6053,6520
2026-02,독일,A1_western_surge,7210,7597,8183
2026-03,독일,A1_western_surge,18571,18334,19748
2026-04,독일,A1_western_surge,21296,27847,29995
2026-05,독일,A1_western_surge,15189,15251,16427
2026-06,독일,A1_western_surge,10066,11925,12845
2026-07,독일,A1_western_surge,10617,11340,12215
2026-08,독일,A1_western_surge,14477,16519,17793
2026-09,독일,A1_western_surge,16795,19312,20801
2026-10,독일,A1_western_surge,17690,19677,21195
2026-11,독일,A1_western_surge,10618,12934,13932
2026-12,독일,A1_western_surge,8172,9047,9745
2026-01,러시아,C_underperform,11508,11513,12550
2026-02,러시아,C_underperform,10560,11857,12925
2026-03,러시아,C_underperform,16707,19322,21062
2026-04,러시아,C_underperform,19294,26827,29243
2026-05,러시아,C_underperform,17310,21633,23582
2026-06,러시아,C_underperform,15753,19040,20755
2026-07,러시아,C_underperform,20899,20446,22288
2026-08,러시아,C_underperform,18692,21474,23408
2026-09,러시아,C_underperform,18242,19476,21230
2026-10,러시아,C_underperform,20870,23822,25968
2026-11,러시아,C_underperform,14876,17182,18730
2026-12,러시아,C_underperform,12487,11932,13007
2026-01,말레이시아,B_recovering,16913,26188,27790
2026-02,말레이시아,B_recovering,29516,25161,26700
2026-03,말레이시아,B_recovering,25294,24780,26296
2026-04,말레이시아,B_recovering,31993,30811,32696
2026-05,말레이시아,B_recovering,27380,27416,29093
2026-06,말레이시아,B_recovering,16138,19945,21165
2026-07,말레이시아,B_recovering,12275,13840,14687
2026-08,말레이시아,B_recovering,12913,15516,16465
2026-09,말레이시아,B_recovering,29347,31359,33277
2026-10,말레이시아,B_recovering,37050,34016,36097
2026-11,말레이시아,B_recovering,30623,36250,38467
2026-12,말레이시아,B_recovering,31394,43865,46548
2026-01,멕시코,A1_western_surge,1228,4226,5032
2026-02,멕시코,A1_western_surge,1319,4586,5461
2026-03,멕시코,A1_western_surge,3066,6549,7799
2026-04,멕시코,A1_western_surge,2927,9977,11881
2026-05,멕시코,A1_western_surge,2443,6554,7805
2026-06,멕시코,A1_western_surge,2549,6303,7506
2026-07,멕시코,A1_western_surge,3901,8430,10039
2026-08,멕시코,A1_western_surge,8176,7584,9031
2026-09,멕시코,A1_western_surge,8333,8869,10561
2026-10,멕시코,A1_western_surge,10446,9909,11800
2026-11,멕시코,A1_western_surge,8013,7927,9440
2026-12,멕시코,A1_western_surge,5487,4589,5465
2026-01,몽골,A2_asia_surge,12465,15487,17260
2026-02,몽골,A2_asia_surge,10036,11164,12442
2026-03,몽골,A2_asia_surge,10606,14847,16547
2026-04,몽골,A2_asia_surge,9456,12996,14484
2026-05,몽골,A2_asia_surge,10768,11659,12994
2026-06,몽골,A2_asia_surge,12578,16955,18897
2026-07,몽골,A2_asia_surge,12415,14456,16111
2026-08,몽골,A2_asia_surge,12964,15682,17478
2026-09,몽골,A2_asia_surge,14415,13727,15299
2026-10,몽골,A2_asia_surge,12472,13805,15386
2026-11,몽골,A2_asia_surge,11398,12737,14196
2026-12,몽골,A2_asia_surge,12329,13386,14919
2026-01,미국,A1_western_surge,61754,74262,80227
2026-02,미국,A1_western_surge,62607,72445,78264
2026-03,미국,A1_western_surge,119955,132117,142729
2026-04,미국,A1_western_surge,122728,153381,165701
2026-05,미국,A1_western_surge,122694,132324,142953
2026-06,미국,A1_western_surge,151721,166242,179595
2026-07,미국,A1_western_surge,120874,131832,142421
2026-08,미국,A1_western_surge,102057,111754,120730
2026-09,미국,A1_western_surge,109695,121682,131456
2026-10,미국,A1_western_surge,141152,148951,160915
2026-11,미국,A1_western_surge,108982,132651,143306
2026-12,미국,A1_western_surge,95889,105599,114081
2026-01,베트남,B_recovering,21397,24922,25926
2026-02,베트남,B_recovering,39674,51313,53379
2026-03,베트남,B_recovering,48721,52874,55003
2026-04,베트남,B_recovering,53338,52792,54918
2026-05,베트남,B_recovering,38778,41565,43239
2026-06,베트남,B_recovering,47323,45408,47237
2026-07,베트남,B_recovering,45282,47692,49613
2026-08,베트남,B_recovering,47019,51664,53745
2026-09,베트남,B_recovering,44680,46001,47853
2026-10,베트남,B_recovering,48535,50483,52516
2026-11,베트남,B_recovering,40504,44013,45785
2026-12,베트남,B_recovering,36169,34378,35762
2026-01,사우디아라비야,A1_western_surge,1102,855,824
2026-02,사우디아라비야,A1_western_surge,1223,896,863
2026-03,사우디아라비야,A1_western_surge,623,789,760
2026-04,사우디아라비야,A1_western_surge,2349,2049,1974
2026-05,사우디아라비야,A1_western_surge,1891,1920,1850
2026-06,사우디아라비야,A1_western_surge,3806,2512,2420
2026-07,사우디아라비야,A1_western_surge,3332,2598,2503
2026-08,사우디아라비야,A1_western_surge,1538,1752,1688
2026-09,사우디아라비야,A1_western_surge,1607,1678,1617
2026-10,사우디아라비야,A1_western_surge,1772,2157,2078
2026-11,사우디아라비야,A1_western_surge,2468,2566,2472
2026-12,사우디아라비야,A1_western_surge,940,1226,1181
2026-01,싱가포르,A2_asia_surge,14036,17575,18312
2026-02,싱가포르,A2_asia_surge,15282,15485,16134
2026-03,싱가포르,A2_asia_surge,38849,36370,37894
2026-04,싱가포르,A2_asia_surge,32481,37953,39544
2026-05,싱가포르,A2_asia_surge,37306,37734,39315
2026-06,싱가포르,A2_asia_surge,34134,40211,41896
2026-07,싱가포르,A2_asia_surge,14068,16008,16679
2026-08,싱가포르,A2_asia_surge,17295,15894,16560
2026-09,싱가포르,A2_asia_surge,26006,29816,31066
2026-10,싱가포르,A2_asia_surge,40841,39995,41671
2026-11,싱가포르,A2_asia_surge,43582,48541,50575
2026-12,싱가포르,A2_asia_surge,61548,64053,66738
2026-01,아랍에미리트,C_underperform,488,312,319
2026-02,아랍에미리트,C_underperform,559,372,380
2026-03,아랍에미리트,C_underperform,247,513,524
2026-04,아랍에미리트,C_underperform,968,1213,1239
2026-05,아랍에미리트,C_underperform,1013,717,732
2026-06,아랍에미리트,C_underperform,746,627,641
2026-07,아랍에미리트,C_underperform,1079,982,1003
2026-08,아랍에미리트,C_underperform,672,746,762
2026-09,아랍에미리트,C_underperform,609,598,611
2026-10,아랍에미리트,C_underperform,828,1041,1063
2026-11,아랍에미리트,C_underperform,769,923,943
2026-12,아랍에미리트,C_underperform,968,1199,1225
2026-01,영국,A1_western_surge,6750,6905,7649
2026-02,영국,A1_western_surge,6905,7398,8195
2026-03,영국,A1_western_surge,15993,15717,17410
2026-04,영국,A1_western_surge,19068,24459,27094
2026-05,영국,A1_western_surge,13562,16606,18395
2026-06,영국,A1_western_surge,11417,13937,15439
2026-07,영국,A1_western_surge,11169,13020,14423
2026-08,영국,A1_western_surge,13458,15571,17249
2026-09,영국,A1_western_surge,13383,16239,17989
2026-10,영국,A1_western_surge,16646,19206,21275
2026-11,영국,A1_western_surge,10924,13697,15173
2026-12,영국,A1_western_surge,8218,9185,10175
2026-01,인도,A2_asia_surge,9842,10783,11680
2026-02,인도,A2_asia_surge,9447,11586,12550
2026-03,인도,A2_asia_surge,16443,16082,17420
2026-04,인도,A2_asia_surge,17698,21196,22959
2026-05,인도,A2_asia_surge,18216,22256,24107
2026-06,인도,A2_asia_surge,17693,19905,21561
2026-07,인도,A2_asia_surge,14336,16605,17986
2026-08,인도,A2_asia_surge,15734,15853,17172
2026-09,인도,A2_asia_surge,17071,19353,20963
2026-10,인도,A2_asia_surge,16591,17400,18847
2026-11,인도,A2_asia_surge,12927,16603,17984
2026-12,인도,A2_asia_surge,10670,11655,12625
2026-01,인도네시아,A2_asia_surge,19274,27516,29081
2026-02,인도네시아,A2_asia_surge,19466,24574,25971
2026-03,인도네시아,A2_asia_surge,26105,32325,34163
2026-04,인도네시아,A2_asia_surge,38924,36580,38660
2026-05,인도네시아,A2_asia_surge,31739,34665,36636
2026-06,인도네시아,A2_asia_surge,29137,32029,33850
2026-07,인도네시아,A2_asia_surge,22818,28651,30280
2026-08,인도네시아,A2_asia_surge,24303,24800,26210
2026-09,인도네시아,A2_asia_surge,27238,26703,28221
2026-10,인도네시아,A2_asia_surge,34338,33323,35218
2026-11,인도네시아,A2_asia_surge,29100,30357,32083
2026-12,인도네시아,A2_asia_surge,33743,34073,36011
2026-01,일본,B_recovering,143152,174717,189830
2026-02,일본,B_recovering,183999,224482,243900
2026-03,일본,B_recovering,338742,383312,416469
2026-04,일본,B_recovering,229252,257903,280212
2026-05,일본,B_recovering,278423,291626,316852
2026-06,일본,B_recovering,258431,287140,311978
2026-07,일본,B_recovering,242953,299782,325714
2026-08,일본,B_recovering,323465,378852,411623
2026-09,일본,B_recovering,310652,370709,402776
2026-10,일본,B_recovering,323266,316776,344178
2026-11,일본,B_recovering,341198,362879,394269
2026-12,일본,B_recovering,250546,304959,331338
2026-01,중국,B_recovering,280035,364460,409629
2026-02,중국,B_recovering,343719,340860,383104
2026-03,중국,B_recovering,391347,416849,468511
2026-04,중국,B_recovering,411331,443230,498161
2026-05,중국,B_recovering,395222,484390,544422
2026-06,중국,B_recovering,397325,477052,536175
2026-07,중국,B_recovering,459069,602147,676774
2026-08,중국,B_recovering,505559,604618,679551
2026-09,중국,B_recovering,422809,503186,565548
2026-10,중국,B_recovering,392230,472477,531033
2026-11,중국,B_recovering,297840,377866,424696
2026-12,중국,B_recovering,306787,393834,442643
2026-01,카자흐스탄,A1_western_surge,3907,4007,4486
2026-02,카자흐스탄,A1_western_surge,3812,4285,4797
2026-03,카자흐스탄,A1_western_surge,5450,6267,7016
2026-04,카자흐스탄,A1_western_surge,4409,6044,6767
2026-05,카자흐스탄,A1_western_surge,4558,5229,5854
2026-06,카자흐스탄,A1_western_surge,4338,5636,6310
2026-07,카자흐스탄,A1_western_surge,5134,6269,7019
2026-08,카자흐스탄,A1_western_surge,6120,7222,8085
2026-09,카자흐스탄,A1_western_surge,4832,5607,6277
2026-10,카자흐스탄,A1_western_surge,5008,6014,6733
2026-11,카자흐스탄,A1_western_surge,4116,5139,5753
2026-12,카자흐스탄,A1_western_surge,3209,3271,3662
2026-01,캐나다,A1_western_surge,13400,13975,14985
2026-02,캐나다,A1_western_surge,13679,14252,15282
2026-03,캐나다,A1_western_surge,23062,25018,26827
2026-04,캐나다,A1_western_surge,24852,30972,33211
2026-05,캐나다,A1_western_surge,24823,27787,29796
2026-06,캐나다,A1_western_surge,20378,22065,23660
2026-07,캐나다,A1_western_surge,23899,24316,26074
2026-08,캐나다,A1_western_surge,22742,24153,25899
2026-09,캐나다,A1_western_surge,22871,27534,29524
2026-10,캐나다,A1_western_surge,28986,30938,33175
2026-11,캐나다,A1_western_surge,18965,23135,24807
2026-12,캐나다,A1_western_surge,16675,18473,19808
2026-01,태국,C_underperform,20516,20447,20860
2026-02,태국,C_underperform,22347,20598,21014
2026-03,태국,C_underperform,33518,27942,28507
2026-04,태국,C_underperform,43074,40689,41512
2026-05,태국,C_underperform,28723,29480,30076
2026-06,태국,C_underperform,20150,21179,21607
2026-07,태국,C_underperform,18056,20856,21278
2026-08,태국,C_underperform,16775,18844,19225
2026-09,태국,C_underperform,18868,21535,21970
2026-10,태국,C_underperform,40167,40937,41765
2026-11,태국,C_underperform,28920,32303,32956
2026-12,태국,C_underperform,32742,39120,39911
2026-01,튀르키예,A1_western_surge,2186,2461,2764
2026-02,튀르키예,A1_western_surge,2116,2395,2690
2026-03,튀르키예,A1_western_surge,3289,5440,6110
2026-04,튀르키예,A1_western_surge,6541,7100,7975
2026-05,튀르키예,A1_western_surge,3862,4920,5526
2026-06,튀르키예,A1_western_surge,4716,5347,6006
2026-07,튀르키예,A1_western_surge,4248,5982,6719
2026-08,튀르키예,A1_western_surge,4489,6300,7076
2026-09,튀르키예,A1_western_surge,4147,6022,6764
2026-10,튀르키예,A1_western_surge,4545,6007,6747
2026-11,튀르키예,A1_western_surge,3321,5803,6518
2026-12,튀르키예,A1_western_surge,2567,2425,2724
2026-01,프랑스,A1_western_surge,6380,6719,7132
2026-02,프랑스,A1_western_surge,8329,8914,9462
2026-03,프랑스,A1_western_surge,12182,12830,13619
2026-04,프랑스,A1_western_surge,21993,22806,24209
2026-05,프랑스,A1_western_surge,17330,17440,18513
2026-06,프랑스,A1_western_surge,10989,12208,12959
2026-07,프랑스,A1_western_surge,13994,16896,17935
2026-08,프랑스,A1_western_surge,18450,21602,22931
2026-09,프랑스,A1_western_surge,14137,16097,17087
2026-10,프랑스,A1_western_surge,19038,20693,21966
2026-11,프랑스,A1_western_surge,12628,13476,14305
2026-12,프랑스,A1_western_surge,9058,10395,11034
2026-01,필리핀,A2_asia_surge,26908,36740,41286
2026-02,필리핀,A2_asia_surge,25867,37689,42353
2026-03,필리핀,A2_asia_surge,54881,50973,57281
2026-04,필리핀,A2_asia_surge,50645,69393,77980
2026-05,필리핀,A2_asia_surge,44686,60559,68053
2026-06,필리핀,A2_asia_surge,44891,53128,59702
2026-07,필리핀,A2_asia_surge,34632,41692,46851
2026-08,필리핀,A2_asia_surge,35225,40847,45902
2026-09,필리핀,A2_asia_surge,40278,47625,53518
2026-10,필리핀,A2_asia_surge,58724,62811,70584
2026-11,필리핀,A2_asia_surge,50599,60068,67501
2026-12,필리핀,A2_asia_surge,49424,53616,60251
2026-01,호주,A1_western_surge,17251,19468,20650
2026-02,호주,A1_western_surge,10972,12638,13405
2026-03,호주,A1_western_surge,22871,20574,21823
2026-04,호주,A1_western_surge,26522,36222,38421
2026-05,호주,A1_western_surge,20441,23013,24410
2026-06,호주,A1_western_surge,19348,19360,20535
2026-07,호주,A1_western_surge,16198,16861,17885
2026-08,호주,A1_western_surge,14755,14565,15449
2026-09,호주,A1_western_surge,22366,25954,27530
2026-10,호주,A1_western_surge,26742,27259,28914
2026-11,호주,A1_western_surge,20536,23673,25110
2026-12,호주,A1_western_surge,26336,27570,29244
2026-01,홍콩,B_recovering,25755,44278,46884
2026-02,홍콩,B_recovering,35458,30270,32051
2026-03,홍콩,B_recovering,49235,44030,46621
2026-04,홍콩,B_recovering,42654,64591,68392
2026-05,홍콩,B_recovering,45790,51363,54385
2026-06,홍콩,B_recovering,54449,56109,59411
2026-07,홍콩,B_recovering,58305,64224,68003
2026-08,홍콩,B_recovering,61864,64860,68677
2026-09,홍콩,B_recovering,40033,40879,43285
2026-10,홍콩,B_recovering,52439,44671,47300
2026-11,홍콩,B_recovering,46766,49635,52556
2026-12,홍콩,B_recovering,58670,68239,72255
