year_month,country,country_group,actual,pred_A,pred_B,pred_C,meta_ridge,v10_constrained_mape,v10_constrained_rmse,v10_bayesian
2025-01,독일,A1_western_surge,6053.0,10343.611367538404,8433.207506352448,7854.605174592829,7443.954236211157,8879.13776835904,8879.13776835904,9092.36347743504
2025-02,독일,A1_western_surge,7597.0,9135.718831165508,8041.168792176259,8240.057619895446,7703.289775151876,8588.377663017513,8588.377663017513,8666.867515640886
2025-03,독일,A1_western_surge,18334.0,11347.466506337774,19340.55169450176,18899.617938431344,18751.922583196843,15900.804053397438,15900.804053397438,15244.330922492323
2025-04,독일,A1_western_surge,27847.0,14094.658848701922,25332.57803007608,28430.47415083167,28496.886090148244,22541.253223941992,22541.253223941992,21312.131656320445
2025-05,독일,A1_western_surge,15251.0,15696.708692188213,15575.20965214034,15766.389325151533,15880.145996787902,15728.958088315645,15728.958088315645,15723.745785486244
2025-06,독일,A1_western_surge,11925.0,14530.299671769691,11119.966186340756,11428.045805771448,11369.120249926767,12653.54337119921,12653.54337119921,12923.757006310141
2025-07,독일,A1_western_surge,11340.0,14970.028010852042,12299.794346103352,11848.238075607056,11867.447823015851,13119.531863229866,13119.531863229866,13388.152303936648
2025-08,독일,A1_western_surge,16519.0,12717.27178629413,45138.5207562873,15266.89723406775,16560.582325893134,15740.628231069279,15740.628231069279,15390.41063569796
2025-09,독일,A1_western_surge,19312.0,14846.71408868175,31823.050814157523,17149.28277845866,17923.95109318431,16961.94370433284,16961.94370433284,16698.890190608272
2025-10,독일,A1_western_surge,19677.0,18365.5850185229,23059.636996559304,18594.256855752625,19189.19810908862,18726.057127901066,18726.057127901066,18686.918791456555
2025-11,독일,A1_western_surge,12934.0,14988.005273739112,21826.059048962117,11674.106581965902,12151.566384779506,13507.263682024997,13507.263682024997,13750.567556241227
2025-12,독일,A1_western_surge,9047.0,13462.409715546271,20445.644702223683,9470.64208828875,9828.146415862491,11616.099269888506,11616.099269888506,11914.5950984183
2025-01,멕시코,A1_western_surge,4226.0,5618.885766973126,1807.7822303105256,1558.1492859764148,648.6470617817511,3194.9255255918047,3194.9255255918047,3545.800604838443
2025-02,멕시코,A1_western_surge,4586.0,4957.329877039565,1776.0738692197688,1639.7636934073266,673.7760122444133,2973.605675650844,2973.605675650844,3260.558436187642
2025-03,멕시코,A1_western_surge,6549.0,4999.712977943556,3337.3194043829308,3122.1844138029,2188.7708900093417,3883.9525889881643,3883.9525889881643,4045.752350097943
2025-04,멕시코,A1_western_surge,9977.0,5919.732815276856,3284.586149597176,3061.6672169509784,2200.61656057494,4216.03940291364,4216.03940291364,4462.791299602616
2025-05,멕시코,A1_western_surge,6554.0,6842.384315713417,2597.78291245112,2507.7336868001867,1704.1089465800128,4246.096399648025,4246.096399648025,4621.402775541895
2025-06,멕시코,A1_western_surge,6303.0,6616.154096986933,2759.737852310321,2662.6366347114963,1844.0491528050215,4248.898680501612,4248.898680501612,4591.14069900424
2025-07,멕시코,A1_western_surge,8430.0,6850.721100848108,4256.006734234744,4071.816507642888,3300.1924883935208,5192.587856254569,5192.587856254569,5432.646206657892
2025-08,멕시코,A1_western_surge,7584.0,7870.531029410681,12411.118624007517,8625.915170878106,8184.1962174389155,8513.021686947606,8513.021686947606,8431.174434199926
2025-09,멕시코,A1_western_surge,8869.0,7957.469213373961,9951.519475629038,8707.507272915549,8153.635003742462,8469.692659234588,8469.692659234588,8399.302808320837
2025-10,멕시코,A1_western_surge,9909.0,9124.373000528118,9848.2937087849,10568.135121417828,10045.777194285776,9954.638202430298,9954.638202430298,9832.617687275624
2025-11,멕시코,A1_western_surge,7927.0,8234.29394839802,9271.670793638748,8382.75616498729,7828.446433067564,8367.817009784156,8367.817009784156,8351.10364402634
2025-12,멕시코,A1_western_surge,4589.0,7956.932102353008,7350.988512640282,5635.144188043213,5050.800844995522,6649.651569996985,6649.651569996985,6843.463927262
2025-01,미국,A1_western_surge,74262.0,110589.27599237348,70189.17083499116,72502.82408735118,81023.74702999035,87621.7221867421,87621.7221867421,90932.7881938063
2025-02,미국,A1_western_surge,72445.0,95996.87009563154,67215.10329084547,73324.81633450824,80521.53762549095,82088.15218677443,82088.15218677443,84079.63340720464
2025-03,미국,A1_western_surge,132117.0,115149.39878676985,137512.46344320467,141805.43496625434,151785.39464793203,130928.37191830807,130928.37191830807,128636.59359548993
2025-04,미국,A1_western_surge,153381.0,159182.43183419347,147563.49028342208,152816.47655134258,166435.60617359987,155100.20935108693,155100.20935108693,155674.69018254348
2025-05,미국,A1_western_surge,132324.0,146825.47888837892,137145.22782812704,151081.13365334686,163277.92876652096,148682.0764560987,148682.0764560987,148373.51866819558
2025-06,미국,A1_western_surge,166242.0,168422.4809538392,254700.43430203127,228298.51651015916,245448.69217374915,205668.19817722478,205668.19817722478,200364.3558137044
2025-07,미국,A1_western_surge,131832.0,174497.9245787078,178370.05610794097,154483.72234864172,170728.54158177698,163683.71992863313,163683.71992863313,165315.0650080291
2025-08,미국,A1_western_surge,111754.0,124589.87376311317,624748.7796085711,122934.37196158012,157329.81639685782,148687.2930645429,148687.2930645429,146659.76312201296
2025-09,미국,A1_western_surge,121682.0,148280.75135403642,440587.0021989443,129676.28966861058,157019.075857173,152663.6099692976,152663.6099692976,152931.00564281613
2025-10,미국,A1_western_surge,148951.0,168719.40756435384,494016.0186332477,197756.56294512603,227197.19370083537,200954.67357722324,200954.67357722324,197156.22696116447
2025-11,미국,A1_western_surge,132651.0,144463.06536603905,373037.4602395505,126274.73797921855,150215.29158723526,145888.20504696335,145888.20504696335,146397.05886712897
2025-12,미국,A1_western_surge,105599.0,143263.2157091371,288850.9919875538,104740.028932977,125245.49329746394,129354.85179616987,129354.85179616987,131897.23562678156
2025-01,사우디아라비야,A1_western_surge,855.0,1745.445653362373,1416.1013273122676,1178.5796773264058,0.0,1417.2021502400858,1417.2021502400858,1465.3063680699645
2025-02,사우디아라비야,A1_western_surge,896.0,1561.5797378312516,1536.381940488291,1254.480108177743,19.2088633184178,1391.4150516546738,1391.4150516546738,1416.8126102623166
2025-03,사우디아라비야,A1_western_surge,789.0,1260.3509204464744,865.3516843554086,717.5105771658548,0.0,942.0387698375803,942.0387698375803,988.4486087250356
2025-04,사우디아라비야,A1_western_surge,2049.0,1625.1855123332148,2512.7158003079194,2149.069187834926,938.0941990086136,1957.6980482578913,1957.6980482578913,1910.7183685573573
2025-05,사우디아라비야,A1_western_surge,1920.0,1962.0016287394592,2055.3809279222396,1817.1575084733213,621.2712532589055,1887.0063275522223,1887.0063275522223,1898.5297272831856
2025-06,사우디아라비야,A1_western_surge,2512.0,2603.623925748423,3988.032442134857,3588.3560141449516,2481.4921712367313,3214.4470001858353,3214.4470001858353,3127.368458153518
2025-07,사우디아라비야,A1_western_surge,2598.0,2565.1221940109385,3591.404007169943,3029.8136565452214,1917.9706946136648,2872.016589062744,2872.016589062744,2829.3108886995715
2025-08,사우디아라비야,A1_western_surge,1752.0,2273.5419123628812,5469.821757995333,1678.610591211822,673.4921850505075,2106.1436780114213,2106.1436780114213,2141.305947476868
2025-09,사우디아라비야,A1_western_surge,1678.0,2169.3831905183843,3626.1344173267207,1677.1109226039623,576.3755235173949,1971.4710045058691,1971.4710045058691,2005.705453979354
2025-10,사우디아라비야,A1_western_surge,2157.0,2195.1653164706695,2543.132656689606,1781.428461743676,628.2513256121645,1985.0084133817697,1985.0084133817697,2017.5727249820463
2025-11,사우디아라비야,A1_western_surge,2566.0,2320.8398786201265,4004.884293643303,2242.745233632741,1154.893860149008,2362.090044628223,2362.090044628223,2361.2351175899175
2025-12,사우디아라비야,A1_western_surge,1226.0,2006.5491518286617,2797.260081329538,1004.57439019865,0.0,1494.998579407199,1494.998579407199,1574.0866998172382
2025-01,영국,A1_western_surge,6905.0,10139.613555409922,8794.271468247607,8506.549181794175,8077.118816938713,9174.161045563145,9174.161045563145,9314.458393518693
2025-02,영국,A1_western_surge,7398.0,9054.396826351334,8118.739368608138,8469.343463854308,7922.86842942496,8685.83460409081,8685.83460409081,8738.05960063895
2025-03,영국,A1_western_surge,15717.0,10752.052183347394,16794.316411129745,17571.775951591204,17296.24398448128,14805.013467270606,14805.013467270606,14217.293010442208
2025-04,영국,A1_western_surge,24459.0,13529.953616919143,22619.2636191258,24220.26074046009,24240.45393768073,19864.088034976998,19864.088034976998,18944.45649066661
2025-05,영국,A1_western_surge,16606.0,13321.180805823093,14346.250772154268,15753.789644726912,15621.096158923743,14710.369165536753,14710.369165536753,14505.617824946386
2025-06,영국,A1_western_surge,13937.0,14179.812585932828,12985.872142472348,13841.538484298406,13770.306079333744,13934.064807860874,13934.064807860874,13967.085842728517
2025-07,영국,A1_western_surge,13020.0,14955.72084660388,13904.357241274956,13691.378333614835,13729.815043179316,14207.76428419346,14207.76428419346,14316.426870506757
2025-08,영국,A1_western_surge,15571.0,13238.17217688956,51629.68957473229,15890.985737949126,17514.854953629296,16616.79550536446,16616.79550536446,16232.251365913578
2025-09,영국,A1_western_surge,16239.0,14318.980276621272,31899.469413454535,15569.27749105954,16353.419997652862,15885.668201403983,15885.668201403983,15706.651675149958
2025-10,영국,A1_western_surge,19206.0,17139.92767377633,23478.7212235529,18451.177885907477,18973.01185002955,18178.05496793729,18178.05496793729,18042.65451364749
2025-11,영국,A1_western_surge,13697.0,14760.544276680535,25454.50716287424,13232.401180868044,13816.710273799325,14454.763718293352,14454.763718293352,14534.33512254508
2025-12,영국,A1_western_surge,9185.0,13323.26524457427,23715.73470031261,10050.487393832727,10534.431974898618,12042.860899453337,12042.860899453337,12267.40103125668
2025-01,카자흐스탄,A1_western_surge,4007.0,4027.42929362,4433.940398804255,4074.6516816496464,3087.25539985667,4073.727162295518,4073.727162295518,4068.0798664640306
2025-02,카자흐스탄,A1_western_surge,4285.0,4198.741670520858,3965.276681881312,3945.5616906269015,2953.4500819585883,4047.8194321472047,4047.8194321472047,4069.6779359375687
2025-03,카자흐스탄,A1_western_surge,6267.0,4318.553520904376,5162.122535713614,5693.7620898103305,4715.066622993725,5117.096684543112,5117.096684543112,5000.203668064346
2025-04,카자흐스탄,A1_western_surge,6044.0,5369.959939647241,4562.3168149292915,4601.001944502217,3710.3594978415017,4906.65088608158,4906.65088608158,4973.465931646439
2025-05,카자흐스탄,A1_western_surge,5229.0,5712.0814277928675,4561.847307573199,4918.662982946794,4045.557730608147,5218.189577116544,5218.189577116544,5288.501015412026
2025-06,카자흐스탄,A1_western_surge,5636.0,5340.968490818953,4350.46677534209,4470.463605082785,3571.4223118431955,4812.665717890217,4812.665717890217,4888.633890220611
2025-07,카자흐스탄,A1_western_surge,6269.0,5720.668306053108,5121.3759572065555,5595.6664690476755,4729.307678824432,5621.952678257792,5621.952678257792,5634.838866654764
2025-08,카자흐스탄,A1_western_surge,7222.0,6020.354556913399,10033.311817860096,6661.052357058699,6019.123582664243,6573.3862100406495,6573.3862100406495,6503.265668084493
2025-09,카자흐스탄,A1_western_surge,5607.0,6513.560410993646,6740.515999338194,5404.364286827609,4683.478300873245,5914.850322119553,5914.850322119553,6005.206728151598
2025-10,카자흐스탄,A1_western_surge,6014.0,6160.7179385665,5514.70067113692,5504.331172659417,4694.309014983443,5767.404353946125,5767.404353946125,5824.250318203331
2025-11,카자흐스탄,A1_western_surge,5139.0,6015.239046280282,5704.534506947142,4211.253103466266,3437.755286456799,5007.511550765917,5007.511550765917,5157.40748445474
2025-12,카자흐스탄,A1_western_surge,3271.0,5112.716535555517,5104.692154176621,3272.379392540466,2427.1742524643205,4100.129887828294,4100.129887828294,4251.709715975259
2025-01,캐나다,A1_western_surge,13975.0,21699.881085149555,14520.753671119392,15305.294399099992,15859.550434125324,17823.902037120788,17823.902037120788,18381.532441825966
2025-02,캐나다,A1_western_surge,14252.0,18314.71268715469,13881.714485420483,15705.700980773145,15948.84162425504,16658.10633855813,16658.10633855813,16892.127653844618
2025-03,캐나다,A1_western_surge,25018.0,20254.153503979993,25776.29069383632,31871.438907367607,32343.862222142452,26919.767335336,26919.767335336,25939.235261556998
2025-04,캐나다,A1_western_surge,30972.0,24680.83292913702,27453.32413947911,33406.37706532875,34263.3140300512,29618.506764559577,29618.506764559577,28887.995019369708
2025-05,캐나다,A1_western_surge,27787.0,24789.336314483095,27192.335238983673,33337.4751480944,34192.73619423162,29610.962619194343,29610.962619194343,28896.658106533992
2025-06,캐나다,A1_western_surge,22065.0,27524.59481552327,24234.341282359303,28486.73673757619,29565.496817608146,27889.26019599418,27889.26019599418,27824.266022363892
2025-07,캐나다,A1_western_surge,24316.0,24683.8736253015,27149.891408663378,32940.267036991114,33797.14713888825,29348.190890898884,29348.190890898884,28657.63791860753
2025-08,캐나다,A1_western_surge,24153.0,24185.971951994077,46751.170666511134,32206.162480855062,33974.83475561031,29725.33667859347,29725.33667859347,28967.27838802597
2025-09,캐나다,A1_western_surge,27534.0,27218.03598385235,35729.69015353168,32081.56654397369,33572.26096342874,30318.56050040306,30318.56050040306,29881.242077853036
2025-10,캐나다,A1_western_surge,30938.0,32015.53058963678,36467.958940222205,36168.1935180148,37951.23161072664,34522.116617773965,34522.116617773965,34160.897142430666
2025-11,캐나다,A1_western_surge,23135.0,31292.994353872928,28147.69631079316,23572.034670949113,25283.953874613857,26889.20162611084,26889.20162611084,27538.602359470387
2025-12,캐나다,A1_western_surge,18473.0,25410.86339848482,24453.844535707263,17918.833112960405,19159.54647800313,21242.395798307512,21242.395798307512,21863.477796387437
2025-01,튀르키예,A1_western_surge,2461.0,3229.0592921685766,2630.280857533005,2344.8549932478554,1260.8565710526764,2712.8080060304014,2712.8080060304014,2788.2095497316486
2025-02,튀르키예,A1_western_surge,2395.0,2978.664920447693,2310.901189061981,2243.295932768164,1127.3502831751125,2540.8237906546665,2540.8237906546665,2604.2677378692815
2025-03,튀르키예,A1_western_surge,5440.0,3030.07407524918,3468.8099814631787,3265.0414328099305,2177.188363756818,3181.242917218293,3181.242917218293,3159.9960864777186
2025-04,튀르키예,A1_western_surge,7100.0,4498.458828710522,6124.56824380838,6773.906754995893,5822.47426433929,5831.260658922369,5831.260658922369,5636.850653976389
2025-05,튀르키예,A1_western_surge,4920.0,5381.477390987,4018.8502961211593,3964.225321447824,3067.9781424305947,4533.857397997162,4533.857397997162,4656.458163464741
2025-06,튀르키예,A1_western_surge,5347.0,5295.940133605801,4818.0781109705185,5162.11411306447,4260.763510016231,5198.442721176305,5198.442721176305,5211.530201031575
2025-07,튀르키예,A1_western_surge,5982.0,5243.353913012968,4485.177059224478,4284.977869291023,3390.1781833267187,4678.338246276474,4678.338246276474,4760.537175891965
2025-08,튀르키예,A1_western_surge,6300.0,5620.679740185593,8837.037055756253,4916.23826404096,4238.601771218414,5394.054794084577,5394.054794084577,5438.147967156083
2025-09,튀르키예,A1_western_surge,6022.0,5949.6693023121115,6245.935910789674,4222.134907151676,3468.766490172889,5014.33871539775,5014.33871539775,5155.3131804871755
2025-10,튀르키예,A1_western_surge,6007.0,6206.888286920108,5318.556697965195,4927.654102387465,4129.425636139662,5458.892905979409,5458.892905979409,5568.07643664707
2025-11,튀르키예,A1_western_surge,5803.0,5637.173124415607,5083.369119623514,3343.7489853485044,2537.0092982730857,4348.099647689096,4348.099647689096,4539.350777316766
2025-12,튀르키예,A1_western_surge,2425.0,5428.333661800352,4527.7099926851715,2574.2217900699757,1747.8183374539149,3813.5409488928863,3813.5409488928863,4052.46314449137
2025-01,프랑스,A1_western_surge,6719.0,11710.098421183407,8368.320905096429,7548.542332991305,7252.539946894833,9254.153696873404,9254.153696873404,9611.300445199937
2025-02,프랑스,A1_western_surge,8914.0,10316.764252438268,9423.245548012765,9415.045942101144,9002.039647973525,9776.143246531574,9776.143246531574,9854.262150651399
2025-03,프랑스,A1_western_surge,12830.0,10559.71382957812,12815.282990828277,12650.665149130811,12319.95876723572,11822.515513394608,11822.515513394608,11640.574883999036
2025-04,프랑스,A1_western_surge,22806.0,14403.073183427132,25787.56671681391,28026.42969641942,28151.10115163647,22465.14394224223,22465.14394224223,21294.056651169125
2025-05,프랑스,A1_western_surge,17440.0,14741.263849317576,17263.57274390878,17012.41154835276,17092.701064898654,16116.510528516488,16116.510528516488,15918.577373368858
2025-06,프랑스,A1_western_surge,12208.0,13723.446881281863,12318.530147056545,12087.032658290853,12000.957423533888,12753.173221925541,12753.173221925541,12894.004157696785
2025-07,프랑스,A1_western_surge,16896.0,14981.659441441105,15613.078401946725,14536.142621131528,14632.107466823903,14768.19613829612,14768.19613829612,14802.151108784326
2025-08,프랑스,A1_western_surge,21602.0,14986.031012174808,54206.10256167652,18628.434585401978,20430.459505564715,18950.356554924838,18950.356554924838,18480.738652673095
2025-09,프랑스,A1_western_surge,16097.0,15207.045904068094,27958.047808320443,14584.26816787088,15281.84296978655,15502.068244372243,15502.068244372243,15498.186645563426
2025-10,프랑스,A1_western_surge,20693.0,20453.510064723196,27086.56455080914,21938.410035476496,22788.925776699987,21601.857772941807,21601.857772941807,21450.884817546612
2025-11,프랑스,A1_western_surge,13476.0,17416.817930231493,24641.185728116812,13001.752023266698,13765.340665223484,15349.750071295122,15349.750071295122,15682.059762079838
2025-12,프랑스,A1_western_surge,10395.0,14370.855390957697,21585.428480036106,10107.892622813008,10572.283100615325,12386.954522932037,12386.954522932037,12706.781445180965
2025-01,호주,A1_western_surge,19468.0,24139.601436145404,17871.931218593003,18149.25321991796,18970.093511774856,20531.52640634269,20531.52640634269,21051.9259657878
2025-02,호주,A1_western_surge,12638.0,17962.204239853872,11676.98530214714,13020.221889319586,13212.02172672153,14929.853000174679,14929.853000174679,15363.999341431769
2025-03,호주,A1_western_surge,20574.0,23949.201301706824,25567.81919609433,31615.09968455605,32378.71061347566,28246.376306993276,28246.376306993276,27608.114601075235
2025-04,호주,A1_western_surge,36222.0,22132.770035417423,30199.426832156467,34262.29291386659,35021.26310250392,29207.34045840142,29207.34045840142,28173.61903803215
2025-05,호주,A1_western_surge,23013.0,25161.725060787052,23991.710620640355,28317.902025935284,29202.691543988654,26839.121669611246,26839.121669611246,26584.28377762823
2025-06,호주,A1_western_surge,19360.0,25050.52678260575,21786.0300525342,24952.907698286577,25826.000893816403,24833.611449726628,24833.611449726628,24855.7733320234
2025-07,호주,A1_western_surge,16861.0,23240.518272372232,16615.052545092596,17858.359602201144,18557.040206106507,19949.05771741415,19949.05771741415,20420.92300890493
2025-08,호주,A1_western_surge,14565.0,18983.9336153092,28593.50781725746,16537.387529702894,17505.884662635613,18118.811978323145,18118.811978323145,18278.70197704596
2025-09,호주,A1_western_surge,25954.0,20185.128976770095,34274.0457029177,31578.479159878934,32457.08375322785,27155.917413787338,27155.917413787338,26156.762845527424
2025-10,호주,A1_western_surge,27259.0,26114.81174117332,34285.36909272689,34426.457528832994,35690.25334392533,31094.74479196382,31094.74479196382,30374.96224212959
2025-11,호주,A1_western_surge,23673.0,25969.541818988488,31106.548866277444,28242.381887976902,29530.83563042768,27476.454209296564,27476.454209296564,27267.069635808206
2025-12,호주,A1_western_surge,27570.0,25317.541785352703,40265.0791175276,33107.98747231451,34631.78380688323,30349.66377979044,30349.66377979044,29643.480694798913
2025-01,대만,A2_asia_surge,135434.0,127717.14245739931,118542.1889971008,107192.39706897458,118316.73890462832,115969.78482075078,115969.78482075078,117699.61733268427
2025-02,대만,A2_asia_surge,120015.0,129896.78759946428,120149.4924391495,93289.06670274018,105082.7567766973,109275.17634825029,109275.17634825029,112331.8599042221
2025-03,대만,A2_asia_surge,140017.0,122567.60793350694,151159.87642846603,108706.01841106136,120921.9701735483,116373.34712090982,116373.34712090982,117391.09921027318
2025-04,대만,A2_asia_surge,151613.0,131945.04032200007,156237.04301164628,113887.16338888278,126931.62410749696,123227.80814326787,123227.80814326787,124609.71372040549
2025-05,대만,A2_asia_surge,150272.0,128451.83001620728,148585.43298845403,112839.17211318928,125275.30096468516,120871.54831815972,120871.54831815972,122070.08957271482
2025-06,대만,A2_asia_surge,164885.0,154368.2675968678,250968.01794837217,128786.22071119022,147650.88737436524,145128.12932732035,145128.12932732035,146816.79562985027
2025-07,대만,A2_asia_surge,199280.0,183526.8403181457,264206.2740392786,129013.14777448212,150813.163374816,157578.28110518737,157578.28110518737,161718.24046558733
2025-08,대만,A2_asia_surge,191565.0,217356.05581520015,865757.6562012577,133177.59006763258,186051.7750089816,203477.97967334086,203477.97967334086,207604.57011465167
2025-09,대만,A2_asia_surge,154992.0,205965.09083400172,327442.59624660946,118670.09169337703,145561.37601843607,164026.71657728852,164026.71657728852,170689.59196185454
2025-10,대만,A2_asia_surge,161049.0,213012.08929310276,534840.1073560785,125693.73169100352,162763.17777154993,181078.39351509698,181078.39351509698,186876.4091287275
2025-11,대만,A2_asia_surge,158374.0,193580.28890955867,331873.97399524506,115048.11876140576,141275.76634076942,157302.2795823589,157302.2795823589,163170.81526022844
2025-12,대만,A2_asia_surge,163918.0,195132.4251592607,298640.4947411398,112425.74108664932,137280.52200880696,154819.15239841837,154819.15239841837,161181.93840427086
2025-01,몽골,A2_asia_surge,15487.0,12126.70577475902,14410.317609655724,14291.04283966748,14110.76690012861,13431.27175220351,13431.27175220351,13243.166749948758
2025-02,몽골,A2_asia_surge,11164.0,12523.079376068468,12148.057383074678,11719.888613248562,11541.538503277943,12062.57335686783,12062.57335686783,12130.335683562744
2025-03,몽골,A2_asia_surge,14847.0,14054.338506210852,12696.488445795863,12505.028920855784,12450.505594410117,13134.325731244815,13134.325731244815,13267.780288782606
2025-04,몽골,A2_asia_surge,12996.0,12473.837945205792,11808.45183495589,12043.679294157984,11835.538027687762,12203.981381617003,12203.981381617003,12242.282074382243
2025-05,몽골,A2_asia_surge,11659.0,12242.494475545727,12284.896333197305,12690.823173357414,12467.345987524228,12491.195352224735,12491.195352224735,12454.093659801334
2025-06,몽골,A2_asia_surge,16955.0,12493.568699017298,14082.0853817671,14274.470196221546,14108.25891310546,13552.490356617125,13552.490356617125,13398.967101331884
2025-07,몽골,A2_asia_surge,14456.0,15478.143312644424,14227.836783359748,13375.832183830722,13480.608973812768,14259.356865332653,14259.356865332653,14437.88383195281
2025-08,몽골,A2_asia_surge,15682.0,13193.996133292549,26572.33044518329,15059.616629942471,15517.34031338073,14889.004122044544,14889.004122044544,14677.497873264905
2025-09,몽골,A2_asia_surge,13727.0,16479.592400728325,22478.72244735327,16251.703510692332,16740.180592094697,16654.210013539774,16654.210013539774,16647.021599029722
2025-10,몽골,A2_asia_surge,13805.0,13413.687621122335,24078.218069364448,14310.550673822036,14690.124340122082,14440.188822519276,14440.188822519276,14320.197069970474
2025-11,몽골,A2_asia_surge,12737.0,12920.629835013642,20463.4320264603,13249.826966955086,13450.966444087191,13478.82836715377,13478.82836715377,13419.087490824919
2025-12,몽골,A2_asia_surge,13386.0,15352.286981244475,19837.57672407633,13253.310541698977,13617.710023407868,14422.114426636042,14422.114426636042,14575.552687883983
2025-01,싱가포르,A2_asia_surge,17575.0,28438.467546974098,20091.723778131807,15928.565096275015,17262.9886243528,21140.684010647485,21140.684010647485,22206.940063763104
2025-02,싱가포르,A2_asia_surge,15485.0,26559.839958715507,20026.86524904371,16975.1428782847,18125.735551021426,20961.607828994973,20961.607828994973,21779.136821824926
2025-03,싱가포르,A2_asia_surge,36370.0,31468.76596927755,38469.23332934901,35943.41475319625,37784.7052975062,34279.84616843641,34279.84616843641,33881.088653611296
2025-04,싱가포르,A2_asia_surge,37953.0,32762.931448282547,34022.08603101453,31556.725730992788,33422.50614349741,32162.47603290978,32162.47603290978,32256.355190590555
2025-05,싱가포르,A2_asia_surge,37734.0,38568.9816190611,37051.86534394192,35681.65388372561,38027.304061685805,36905.09555087062,36905.09555087062,37149.42010576796
2025-06,싱가포르,A2_asia_surge,40211.0,42398.74048087381,33981.27215055503,31986.52515431333,34602.30114332345,36251.1486347496,36251.1486347496,37144.97371317858
2025-07,싱가포르,A2_asia_surge,16008.0,26345.315346834315,18161.64631674412,15505.694523766875,16595.247102347686,19974.340442642715,19974.340442642715,20902.34932500355
2025-08,싱가포르,A2_asia_surge,15894.0,24092.349765911295,36603.52187718912,19369.49631176822,21037.621181375813,22120.338971696496,22120.338971696496,22455.121372713696
2025-09,싱가포르,A2_asia_surge,29816.0,29475.09529294354,38982.835919079414,28699.414715813404,30625.687902028247,29523.85800682876,29523.85800682876,29546.598836195604
2025-10,싱가포르,A2_asia_surge,39995.0,33020.814701710005,66300.47237724529,37754.340741067805,40983.36224475275,37288.23690713356,37288.23690713356,36754.46922870129
2025-11,싱가포르,A2_asia_surge,48541.0,35328.98007533989,63238.74894004531,40892.94816789911,44065.22464558001,39784.65096948273,39784.65096948273,39205.73132263012
2025-12,싱가포르,A2_asia_surge,64053.0,42381.94470428972,91364.1830506124,49682.74979527836,54482.49224708454,48846.499421649605,48846.499421649605,48033.3909822269
2025-01,인도,A2_asia_surge,10783.0,13960.47144084887,13195.564544323546,11597.144604251647,11586.261475900536,12622.396335894131,12622.396335894131,12820.31700164646
2025-02,인도,A2_asia_surge,11586.0,14277.51825211672,11748.516124062124,10724.789606892084,10696.8429709089,12197.06739084044,12197.06739084044,12500.563061910469
2025-03,인도,A2_asia_surge,16082.0,15567.928001159778,18647.15128892635,17683.418271275208,17874.638122023283,16885.408814111594,16885.408814111594,16697.884087892857
2025-04,인도,A2_asia_surge,21196.0,16102.572555025428,19503.185819917835,19478.931200586063,19698.913065307304,18129.6004733284,18129.6004733284,17836.8573532695
2025-05,인도,A2_asia_surge,22256.0,14612.549203463905,19002.72248892951,19984.32703918445,20047.03167261729,17786.535677383483,17786.535677383483,17325.19583201452
2025-06,인도,A2_asia_surge,19905.0,15254.381311706353,19154.431822542658,19462.912378906156,19599.514937451055,17764.07592420806,17764.07592420806,17400.64568065011
2025-07,인도,A2_asia_surge,16605.0,15222.33412397689,17139.472164186827,15100.887820527883,15271.246196323984,15251.395559090433,15251.395559090433,15253.102043535448
2025-08,인도,A2_asia_surge,15853.0,15508.334043561264,30363.94456157623,17742.30726697552,18482.412655204807,17479.799842339853,17479.799842339853,17231.5698874565
2025-09,인도,A2_asia_surge,19353.0,18214.957833024135,24643.531891251405,18617.39048255185,19274.75475888048,18757.72449317574,18757.72449317574,18696.773459850305
2025-10,인도,A2_asia_surge,17400.0,19061.815914728533,29528.555898089617,18140.001358209414,19110.57584577172,19078.154907811073,19078.154907811073,19108.780390566582
2025-11,인도,A2_asia_surge,16603.0,18209.127125794927,22376.34050799159,14271.056932236335,14951.827801692883,16251.549188447534,16251.549188447534,16557.80627770439
2025-12,인도,A2_asia_surge,11655.0,17493.136999664755,18731.47624487603,11773.989300618434,12300.60687226509,14409.522727449843,14409.522727449843,14875.116399804916
2025-01,인도네시아,A2_asia_surge,27516.0,27191.255302427904,21882.32828746162,22814.35550278528,23926.573612204116,24518.51406187615,24518.51406187615,24901.904132466323
2025-02,인도네시아,A2_asia_surge,24574.0,27196.488631991466,21165.072705196948,21228.596876647745,22355.14998609818,23612.577370212693,23612.577370212693,24130.105606275378
2025-03,인도네시아,A2_asia_surge,32325.0,29665.720243549713,28690.000603868735,29716.40952427464,31139.18558234479,29644.813365964375,29644.813365964375,29644.86057606254
2025-04,인도네시아,A2_asia_surge,36580.0,34097.6892511809,36789.6914257544,38029.46854538649,39936.80070135168,36394.76797172265,36394.76797172265,36059.35365709359
2025-05,인도네시아,A2_asia_surge,34665.0,31014.514747652694,30918.788029320203,32702.6242666139,34247.881882398055,31938.188647164734,31938.188647164734,31799.593075566474
2025-06,인도네시아,A2_asia_surge,32029.0,32928.937766186034,30689.38360432382,30968.156695608173,32706.924904627864,31738.5304692751,31738.5304692751,31909.682762918357
2025-07,인도네시아,A2_asia_surge,28651.0,30500.72800515588,24746.67000313545,24790.10247130337,26241.107170382355,27072.18106143598,27072.18106143598,27567.32441097556
2025-08,인도네시아,A2_asia_surge,24800.0,29250.227165225588,43519.29724426592,28459.92360336345,30590.619024466178,29529.013710153427,29529.013710153427,29532.35958746277
2025-09,인도네시아,A2_asia_surge,26703.0,30845.382091033112,38022.82662281283,30445.627756226688,32382.404824339177,30984.389433478565,30984.389433478565,30986.255735009563
2025-10,인도네시아,A2_asia_surge,33323.0,32920.80909423648,53531.91526571761,34128.72175787653,36854.11284970672,34615.716367812565,34615.716367812565,34427.078594285726
2025-11,인도네시아,A2_asia_surge,30357.0,31615.23115249573,42802.28445569175,31309.49363858436,33507.83346472739,32006.42818500428,32006.42818500428,31983.205633974987
2025-12,인도네시아,A2_asia_surge,34073.0,31936.79372091562,44466.86804621246,33452.14548080909,35690.168961957716,33396.74090512187,33396.74090512187,33217.7478769087
2025-01,필리핀,A2_asia_surge,36740.0,40192.27234356516,37698.38100183374,31584.00177391403,34212.98278700793,35333.028963170465,35333.028963170465,36052.678337917416
2025-02,필리핀,A2_asia_surge,37689.0,38038.69190824038,35479.02560404985,28190.524254522825,30645.891331546172,32494.216383486197,32494.216383486197,33316.25136607146
2025-03,필리핀,A2_asia_surge,50973.0,43589.27284335568,62419.42116291572,49750.21249155993,53271.72688789899,47919.29706584602,47919.29706584602,47330.500441110584
2025-04,필리핀,A2_asia_surge,69393.0,50360.127657691424,57268.71034952237,48846.124219658726,52688.295837174075,49872.85490136499,49872.85490136499,49967.63877533992
2025-05,필리핀,A2_asia_surge,60559.0,54026.08151526179,49305.61008891409,44568.831142223906,48453.80409274478,48588.57023877357,48588.57023877357,49387.76296112465
2025-06,필리핀,A2_asia_surge,53128.0,54213.04567799621,50695.39352455553,44369.15950424747,48340.88599205584,48623.02567476237,48623.02567476237,49448.852659798846
2025-07,필리핀,A2_asia_surge,41692.0,45523.96064281658,42255.0571254754,35011.14690073185,38175.80468178437,39578.46790880292,39578.46790880292,40458.30249160468
2025-08,필리핀,A2_asia_surge,40847.0,42843.17226008068,64308.400201412325,35216.45266981343,39207.463585452235,39721.737882500274,39721.737882500274,40256.904926946445
2025-09,필리핀,A2_asia_surge,47625.0,48107.123834652666,58817.35401177648,39624.9877197843,43640.363473597354,43977.46048033126,43977.46048033126,44629.59769737654
2025-10,필리핀,A2_asia_surge,62811.0,55569.90511748548,103618.54102839112,52132.33263780657,58485.828358828,56081.672049207365,56081.672049207365,56156.86926587387
2025-11,필리핀,A2_asia_surge,60068.0,54622.08202887776,80669.3214925755,49142.59301832477,54423.36046895775,52910.72504625851,52910.72504625851,53249.25210072123
2025-12,필리핀,A2_asia_surge,53616.0,55293.60554740224,74641.57053454142,48263.25349351968,53338.17482910022,52394.31016712379,52394.31016712379,52889.528487393916
2025-01,말레이시아,B_recovering,26188.0,29185.034774288783,37188.49230326635,23025.704472524303,25015.34592867922,26197.575984767194,26197.575984767194,26670.148941500538
2025-02,말레이시아,B_recovering,25161.0,31608.154440433907,70021.56038014931,37332.73332032973,40638.7398811288,36677.343121362384,36677.343121362384,36039.755513383054
2025-03,말레이시아,B_recovering,24780.0,31686.46882556752,63395.00011839172,34189.53318280569,37282.6281015176,34648.58078668972,34648.58078668972,34305.280783626964
2025-04,말레이시아,B_recovering,30811.0,34960.61399781147,68581.53322912737,41871.590193364944,45238.3089724393,40442.69686693168,40442.69686693168,39728.147626829435
2025-05,말레이시아,B_recovering,27416.0,33749.75196390063,62906.128087581325,33932.43507199265,37173.91495181941,35308.046479535275,35308.046479535275,35166.86296147699
2025-06,말레이시아,B_recovering,19945.0,28337.01491584956,29989.31439520962,23182.393243402526,24758.72843030027,25584.58796997169,25584.58796997169,26001.904034186435
2025-07,말레이시아,B_recovering,13840.0,26810.771193144457,29897.248806879652,22736.271649671467,24200.56616688863,24724.120324921074,24724.120324921074,25046.287502045077
2025-08,말레이시아,B_recovering,15516.0,24629.308519611848,29897.248806879652,22772.208506246097,24062.2463578328,23871.300526624076,23871.300526624076,24001.435130674374
2025-09,말레이시아,B_recovering,31359.0,27596.49061410026,61293.93520942331,38273.100161834125,40818.52910215699,35153.49809512004,35153.49809512004,34128.53148472086
2025-10,말레이시아,B_recovering,34016.0,35200.80905689406,62360.46898865188,43634.73587449003,46672.354070575806,41197.45180315973,41197.45180315973,40385.44665037025
2025-11,말레이시아,B_recovering,36250.0,35806.51550985536,63603.28655310256,39132.3676504555,42413.0334330694,39025.572739347794,39025.572739347794,38631.442717996426
2025-12,말레이시아,B_recovering,43865.0,37118.18687190238,64046.281072879334,41952.81420186191,45273.37420912062,41123.63661342897,41123.63661342897,40609.02259481661
2025-01,베트남,B_recovering,24922.0,36822.842499802144,39756.67875934405,29329.507031561043,31856.70655384259,32848.19980524663,32848.19980524663,33452.556141192945
2025-02,베트남,B_recovering,51313.0,39371.13608155314,57517.19692125326,48588.60214316017,51577.99683357729,45348.045457422006,45348.045457422006,44510.514521080964
2025-03,베트남,B_recovering,52874.0,47210.38579379697,61695.98536416744,53570.690067033334,57229.918885918,51432.8331225955,51432.8331225955,50846.41551099836
2025-04,베트남,B_recovering,52792.0,49185.52160639322,59975.30283170182,53729.43167523405,57459.09226466574,52224.16120552111,52224.16120552111,51803.306436412124
2025-05,베트남,B_recovering,41565.0,47910.57393517149,54176.92151268825,49437.9072667984,52921.18773172003,49063.92464644213,49063.92464644213,48911.043953755645
2025-06,베트남,B_recovering,45408.0,48234.69889264292,59541.97980826371,53570.690067033334,57209.128275512965,51734.85808433869,51734.85808433869,51246.53942253504
2025-07,베트남,B_recovering,47692.0,46513.58200688189,58422.43865530968,53017.31878099469,56482.78354291082,50686.08006506532,50686.08006506532,50098.99915622777
2025-08,베트남,B_recovering,51664.0,48579.935512897515,58422.43865530968,53570.690067033334,57183.4660000775,51816.975674792826,51816.975674792826,51363.42311887635
2025-09,베트남,B_recovering,46001.0,48450.27192524189,55983.28788096645,52199.64271102555,55727.93622500043,50889.07665520914,50889.07665520914,50547.73917892565
2025-10,베트남,B_recovering,50483.0,48827.42138953818,59291.91492133567,55407.95070949363,59026.06880516712,52969.937192103556,52969.937192103556,52382.78149208702
2025-11,베트남,B_recovering,44013.0,46810.22139829724,54689.81846782573,50325.424380522265,53718.84878512387,49137.562891997426,49137.562891997426,48814.00886226551
2025-12,베트남,B_recovering,34378.0,44935.78923788217,54176.92151268825,47475.18975190844,50781.63302384047,46794.516134336925,46794.516134336925,46545.42545471622
2025-01,일본,B_recovering,174717.0,237288.74216659256,245161.75905100635,198761.88084483013,221819.24959347423,216492.61928384393,216492.61928384393,219631.10576031715
2025-02,일본,B_recovering,224482.0,220509.11693888757,262529.41682598076,212070.17830194064,234216.63681387735,217968.71568292144,217968.71568292144,218481.8379213807
2025-03,일본,B_recovering,383312.0,259620.80262438953,320640.81900912646,305515.36254779674,330697.4562408553,287913.81140150037,287913.81140150037,283870.56729565246
2025-04,일본,B_recovering,257903.0,272094.92307890014,263015.3733541411,261598.83070415343,286366.6884267997,265868.0947865515,265868.0947865515,266771.69122204947
2025-05,일본,B_recovering,291626.0,261206.9112859456,279986.5636907657,273196.7477382144,297554.27958260756,268740.3039549344,268740.3039549344,267671.7372086122
2025-06,일본,B_recovering,287140.0,254398.11608828296,270399.0141826974,266489.7035898059,290054.9422928784,261848.53411884131,261848.53411884131,260783.61036092532
2025-07,일본,B_recovering,299782.0,245830.06986449,264124.63168205915,261598.83070415343,284334.2902883078,255417.61641718337,255417.61641718337,254039.96757009733
2025-08,일본,B_recovering,378852.0,285233.93417014414,320640.81900912646,303978.02432001743,331239.81686239934,297313.5279945236,297313.5279945236,295616.83790610393
2025-09,일본,B_recovering,370709.0,317536.8754977069,301664.7732935624,292608.0864294004,321878.2603124863,303032.4363999311,303032.4363999311,305153.9000938941
2025-10,일본,B_recovering,316776.0,345558.4661274633,319294.20752825815,303978.02432001743,335964.71836943587,321376.01020340784,321376.01020340784,324913.6372551543
2025-11,일본,B_recovering,362879.0,347736.3845062596,322115.8619403703,305515.36254779674,337762.24163180776,323233.7963008105,323233.7963008105,326821.38779551774
2025-12,일본,B_recovering,304959.0,333133.0482254084,267654.64811968524,254352.3989765242,284404.5201344576,286529.77113323595,286529.77113323595,293300.3542887325
2025-01,중국,B_recovering,364460.0,314718.18044514064,386729.9372987938,321377.20052382915,353586.50146295363,321981.229331102,321981.229331102,321121.3361764299
2025-02,중국,B_recovering,340860.0,337400.9271182386,423786.14821452665,366314.0612077537,400722.6014467082,357622.4119222863,357622.4119222863,354867.78850578296
2025-03,중국,B_recovering,416849.0,327994.8358523315,383260.0802975873,414299.3875806335,444590.21371720254,378225.60152516037,378225.60152516037,370879.63771861343
2025-04,중국,B_recovering,443230.0,366801.4447785835,381650.4843550068,414299.3875806335,447594.4952980322,393667.7652985322,393667.7652985322,389692.2394795348
2025-05,중국,B_recovering,484390.0,386723.48194829776,392468.5034227428,416178.13918476785,451510.7349372441,403210.79450207856,403210.79450207856,400760.45505755965
2025-06,중국,B_recovering,477052.0,440608.1510846016,388922.8892230181,416178.13918476785,455620.1853480295,424587.3814466139,424587.3814466139,426822.71233756864
2025-07,중국,B_recovering,602147.0,501145.32594811474,383260.0802975873,417997.37584779464,461921.634704757,449519.6911104123,449519.6911104123,456876.63522901357
2025-08,중국,B_recovering,604618.0,750198.9670464995,383260.0802975873,420831.8635574486,484441.05684014887,550700.1157900759,550700.1157900759,579409.8065144072
2025-09,중국,B_recovering,503186.0,841184.241987238,383260.0802975873,419000.29047337273,489887.500776506,586086.8605701296,586086.8605701296,622833.3159490692
2025-10,중국,B_recovering,472477.0,693555.6580486533,392468.5034227428,420831.8635574486,480381.0444480025,528503.2133471952,528503.2133471952,552263.6357132138
2025-11,중국,B_recovering,377866.0,542549.9901708709,346391.8601694174,391484.5942148706,437749.22451091185,449656.1158949981,449656.1158949981,462944.45084729383
2025-12,중국,B_recovering,393834.0,442405.0919395704,359063.7985729899,385804.80686793977,424891.9538468588,407107.8704818445,407107.8704818445,412129.26166062703
2025-01,홍콩,B_recovering,44278.0,43566.49593987685,74620.07672473078,38119.17017048083,42568.676716414666,42123.14580595173,42123.14580595173,42437.36522855794
2025-02,홍콩,B_recovering,30270.0,49135.31810806325,71390.708764338,49949.34347375667,54330.35555585458,50695.80159200837,50695.80159200837,50532.48528975208
2025-03,홍콩,B_recovering,44030.0,45806.2561701182,72907.07708344328,59374.21053525766,63278.02858654625,54623.67211661116,54623.67211661116,53389.1529090202
2025-04,홍콩,B_recovering,64591.0,46921.30220508034,69630.43353080408,57052.95146556558,60960.110759169744,53629.16586463341,53629.16586463341,52696.61387863204
2025-05,홍콩,B_recovering,51363.0,49461.044452978414,70843.0228246366,59643.46268993303,63731.43228500401,56130.47340188637,56130.47340188637,55199.482481260275
2025-06,홍콩,B_recovering,56109.0,51816.66871180736,73204.32837292591,59820.1989085556,64201.75389687445,57287.99330307482,57287.99330307482,56536.401358006064
2025-07,홍콩,B_recovering,64224.0,52082.92473325062,73204.32837292591,62208.79433964866,66539.3065580304,58708.22319875331,58708.22319875331,57783.016186813395
2025-08,홍콩,B_recovering,64860.0,52006.87945772519,92703.12640929096,61979.1767272676,67234.86683656547,59526.45530355181,59526.45530355181,58529.207106260335
2025-09,홍콩,B_recovering,40879.0,51327.64550190163,66622.8087408052,56130.308318520576,60272.56976570534,54733.86821298723,54733.86821298723,54272.21430247658
2025-10,홍콩,B_recovering,44671.0,53489.55391342396,72896.88520798768,62563.65163231911,66980.5296257837,59450.674223544476,59450.674223544476,58619.49247464925
2025-11,홍콩,B_recovering,49635.0,49935.48548202968,67994.56690336303,60879.54448714145,64832.80283719812,56857.67200590782,56857.67200590782,55878.33868331011
2025-12,홍콩,B_recovering,68239.0,49073.99868817191,74577.84986079345,61804.365831396266,65973.34924939822,57350.893175576384,57350.893175576384,56192.25527297919
2025-01,러시아,C_underperform,11513.0,13023.45068243382,11490.867883792836,15726.644733452957,15435.78687946271,14433.578270562297,14433.578270562297,14217.610476146008
2025-02,러시아,C_underperform,11857.0,10212.56231539771,10542.38002534936,21056.66693672749,20336.649429394845,16193.310742626674,16193.310742626674,15298.911020506246
2025-03,러시아,C_underperform,19322.0,9865.12944869469,16684.13117086345,26082.073358757752,25473.74654204239,19125.398685337816,19125.398685337816,17760.490689335682
2025-04,러시아,C_underperform,26827.0,12874.704429918413,19273.373243497485,29587.496039259928,29234.884921420035,22386.6732557352,22386.6732557352,20982.752494492797
2025-05,러시아,C_underperform,21633.0,16141.895557299562,17286.30577408549,25826.36938614082,25752.581134818214,21525.57667400155,21525.57667400155,20723.144156916143
2025-06,러시아,C_underperform,19040.0,17574.091271548295,15736.158842376692,26115.04176190465,26072.74255800385,22179.71741978571,22179.71741978571,21484.352527162653
2025-07,러시아,C_underperform,20446.0,17959.40192067694,20887.933092870026,35251.81568816183,35208.20995169891,27616.656051403283,27616.656051403283,26180.018475257166
2025-08,러시아,C_underperform,21474.0,17374.796829760653,18745.97324193832,30558.893037164347,30509.158601811916,24694.60856444157,24694.60856444157,23603.013727230857
2025-09,러시아,C_underperform,19476.0,18267.09579856592,18272.8023638011,25595.706987139856,25744.35497931608,22298.117280543345,22298.117280543345,21694.607949270736
2025-10,러시아,C_underperform,23822.0,18863.142060786573,20886.473065690072,32502.297378517247,32613.449253092993,26465.84403578362,26465.84403578362,25333.95528695205
2025-11,러시아,C_underperform,17182.0,18466.76046869386,14898.443366776868,26114.74232201732,26103.605661514503,22494.734632925913,22494.734632925913,21880.388702230957
2025-12,러시아,C_underperform,11932.0,17862.624244529303,12508.084810699722,23292.51960062225,23205.400197903426,20581.339718688945,20581.339718688945,20157.372988557738
2025-01,아랍에미리트,C_underperform,312.0,857.8716254411311,487.27350775902886,627.4128094520984,0.0,712.589370763058,712.589370763058,733.1701525625674
2025-02,아랍에미리트,C_underperform,372.0,702.0277326669041,558.0672759630958,859.0909317611183,0.0,781.2144693335315,781.2144693335315,768.9037036126992
2025-03,아랍에미리트,C_underperform,513.0,675.2143497379925,246.66190214899572,925.7059562112032,0.0,791.5571109188086,791.5571109188086,772.7840935751408
2025-04,아랍에미리트,C_underperform,1213.0,1148.7761406042202,966.965134223363,1008.7479217759364,0.0,1062.6700699296214,1062.6700699296214,1074.9874627881193
2025-05,아랍에미리트,C_underperform,717.0,989.4305865481632,1011.6133881657194,919.855390956538,0.0,952.2733690536472,952.2733690536472,957.9066647260723
2025-06,아랍에미리트,C_underperform,627.0,827.7997705270769,745.2024691432116,956.4407903784164,0.0,894.4224663761205,894.4224663761205,884.1866868748522
2025-07,아랍에미리트,C_underperform,982.0,977.3302292491592,1078.4286237239462,1163.871839407566,0.0,1084.9830345600226,1084.9830345600226,1069.1846217695943
2025-08,아랍에미리트,C_underperform,746.0,799.9682170785788,673.9404033052938,1048.8096311084328,0.0,930.5296041063343,930.5296041063343,910.5836515050577
2025-09,아랍에미리트,C_underperform,598.0,796.8319054131568,610.0283214315793,885.6879634256986,0.0,836.362558120976,836.362558120976,829.8537576222677
2025-10,아랍에미리트,C_underperform,1041.0,943.647578746116,828.6535552655189,1067.8840165476795,0.0,1006.2279183629461,1006.2279183629461,996.4949993171999
2025-11,아랍에미리트,C_underperform,923.0,974.571977447146,770.1601874866504,975.2119956222862,0.0,964.7033979454484,964.7033979454484,965.5350484603614
2025-12,아랍에미리트,C_underperform,1199.0,1035.1772028983069,969.6345076285202,919.7431530770164,0.0,968.4113407331077,968.4113407331077,978.200477107642
2025-01,태국,C_underperform,20447.0,22522.700068370228,20485.45755160704,23238.779236354854,23901.354802390604,22814.681484923614,22814.681484923614,22764.528745424832
2025-02,태국,C_underperform,20598.0,22359.062191055036,22309.712729780505,33038.29247275341,33478.22762926421,28230.17137292542,28230.17137292542,27350.988860614307
2025-03,태국,C_underperform,27942.0,26889.428648777168,33472.119984737,45610.83427803835,46559.60085144439,37515.33631166881,37515.33631166881,35945.21730292836
2025-04,태국,C_underperform,40689.0,30894.776808395844,43027.950611092085,60140.41847255774,61421.04637170072,47586.538413819704,47586.538413819704,45125.773364927205
2025-05,태국,C_underperform,29480.0,27285.07747285875,28683.683463261557,40196.08289683717,41112.90098248742,34456.06075556702,34456.06075556702,33386.83528778924
2025-06,태국,C_underperform,21179.0,22928.980523160004,20128.458114256988,34933.06369376122,35257.58895960149,29391.200146545525,29391.200146545525,28414.823280748133
2025-07,태국,C_underperform,20856.0,21330.006819657236,18046.43858198292,40332.23249340884,40267.982545624,31617.052528336902,31617.052528336902,30066.493739212852
2025-08,태국,C_underperform,18844.0,20197.84630101384,16823.437895009378,35668.907558392595,35597.7282307064,28538.209572271935,28538.209572271935,27278.822414674363
2025-09,태국,C_underperform,21535.0,20079.42143001018,18899.859390428635,31561.689997374433,31703.648162198995,26335.69104008144,26335.69104008144,25395.27090467961
2025-10,태국,C_underperform,40937.0,29825.681813965057,40198.704534239245,59971.42353985362,61038.17930432638,46924.490899217475,46924.490899217475,44397.22086523115
2025-11,태국,C_underperform,32303.0,26819.13285452962,28963.63149819757,43020.09570618693,43827.85935237909,35836.887355124534,35836.887355124534,34493.51880361192
2025-12,태국,C_underperform,39120.0,27526.55266811092,32797.28620741013,43876.332425731336,44896.10089199769,36782.468211767104,36782.468211767104,35413.31998928506
2025-01,ETC,ETC_group,67940.0,73025.11365564525,91347.2331387065,77096.98524770839,83500.05883959871,76180.74900543306,76180.74900543306,75766.17748685149
2025-02,ETC,ETC_group,77576.0,76013.55720356943,91408.07863362534,79276.18163406153,85853.51928597168,78577.72671184289,78577.72671184289,78242.45953936684
2025-03,ETC,ETC_group,110725.0,97694.17329820436,115533.49563050157,96306.41836512346,105233.7883688969,97822.87420162474,97822.87420162474,97859.9719358327
2025-04,ETC,ETC_group,138469.0,109047.60818590678,117298.04365964732,107883.47456917498,117445.91792599409,108819.85647039131,108819.85647039131,108880.0245257014
2025-05,ETC,ETC_group,113008.0,103334.36391276262,103605.17364864147,100455.16314653112,109139.47755022136,101764.34397812924,101764.34397812924,102000.26414121668
2025-06,ETC,ETC_group,100072.0,88520.21116922393,89314.97880447443,95422.64185312422,102405.66071991964,92356.28642713162,92356.28642713162,91784.45777820924
2025-07,ETC,ETC_group,108994.0,97134.5539379964,107002.750394581,105481.8877073234,113683.19610434734,102218.99733395549,102218.99733395549,101488.9314538641
2025-08,ETC,ETC_group,132095.0,110212.38827684088,122370.0958047951,114811.4054908464,124497.38700283766,113349.73312094162,113349.73312094162,112918.42237139211
2025-09,ETC,ETC_group,127860.0,108716.68417852446,119419.53472314747,106131.46971962096,115821.14798860498,107829.95875335869,107829.95875335869,107996.53771269062
2025-10,ETC,ETC_group,135603.0,112442.29732401592,118693.9544404706,111976.72202868293,121751.12364773564,112498.8137674055,112498.8137674055,112510.10545280065
2025-11,ETC,ETC_group,108207.0,94096.8035740572,101147.93531588637,94540.64094987317,102553.90016519092,94693.47071784743,94693.47071784743,94626.41676242705
2025-12,ETC,ETC_group,88285.0,80285.21454128686,89480.98378768093,84258.25488708456,90932.79228536884,82930.17519379531,82930.17519379531,82563.22571140897
