year_month,country,country_group,actual,pred_A,pred_B,pred_C,meta_ridge,meta_avg,meta_wmean
2025-01,독일,A1_western_surge,6053.0,10343.611367538404,8433.207506352448,7854.605174592829,7443.954236211157,8877.14134949456,8816.814005950573
2025-02,독일,A1_western_surge,7597.0,9135.718831165508,8041.168792176259,8240.057619895446,7703.289775151876,8472.31508107907,8483.020303321844
2025-03,독일,A1_western_surge,18334.0,11347.466506337774,19340.55169450176,18899.617938431344,18751.922583196843,16529.212046423625,16537.365585381114
2025-04,독일,A1_western_surge,27847.0,14094.658848701922,25332.57803007608,28430.47415083167,28496.886090148244,22619.23700986989,22948.018120986737
2025-05,독일,A1_western_surge,15251.0,15696.708692188211,15575.20965214034,15766.389325151533,15880.145996787902,15679.435889826695,15695.057128810997
2025-06,독일,A1_western_surge,11925.0,14530.299671769691,11119.966186340756,11428.045805771448,11369.120249926767,12359.437221293965,12366.196241934229
2025-07,독일,A1_western_surge,11340.0,14970.028010852042,12299.794346103352,11848.238075607056,11867.447823015853,13039.353477520817,12985.51696004998
2025-08,독일,A1_western_surge,16519.0,12717.27178629413,45138.5207562873,15266.89723406775,16560.582325893134,24374.229925549724,22010.400665162517
2025-09,독일,A1_western_surge,19312.0,14846.71408868175,31823.050814157523,17149.28277845866,17923.95109318431,21273.015893765976,20117.85303954054
2025-10,독일,A1_western_surge,19677.0,18365.5850185229,23059.636996559304,18594.256855752625,19189.19810908862,20006.49295694494,19652.260966893456
2025-11,독일,A1_western_surge,12934.0,14988.005273739112,21826.059048962117,11674.106581965902,12151.566384779506,16162.723634889044,15335.422985348909
2025-12,독일,A1_western_surge,9047.0,13462.409715546273,20445.644702223683,9470.64208828875,9828.146415862491,14459.56550201957,13562.848979381244
2025-01,멕시코,A1_western_surge,4226.0,5618.885766973126,1807.7822303105256,1558.1492859764148,648.6470617817511,2994.9390944200222,2951.8014572687634
2025-02,멕시코,A1_western_surge,4586.0,4957.329877039565,1776.0738692197688,1639.7636934073266,673.7760122444133,2791.05581322222,2761.1983000448363
2025-03,멕시코,A1_western_surge,6549.0,4999.712977943556,3337.3194043829308,3122.1844138029,2188.7708900093417,3819.73893204313,3791.854306369809
2025-04,멕시코,A1_western_surge,9977.0,5919.732815276856,3284.586149597176,3061.6672169509784,2200.61656057494,4088.6620606083366,4054.5407852413655
2025-05,멕시코,A1_western_surge,6554.0,6842.384315713417,2597.78291245112,2507.7336868001867,1704.1089465800128,3982.633638321575,3950.633273660561
2025-06,멕시코,A1_western_surge,6303.0,6616.154096986933,2759.737852310321,2662.6366347114963,1844.0491528050215,4012.8428613362503,3982.464275220589
2025-07,멕시코,A1_western_surge,8430.0,6850.721100848108,4256.006734234744,4071.8165076428877,3300.1924883935208,5059.51478090858,5028.930620876616
2025-08,멕시코,A1_western_surge,7584.0,7870.531029410681,12411.118624007515,8625.915170878106,8184.1962174389155,9635.8549414321,9338.797091892095
2025-09,멕시코,A1_western_surge,8869.0,7957.469213373961,9951.519475629038,8707.507272915549,8153.635003742462,8872.165320639515,8777.411240228064
2025-10,멕시코,A1_western_surge,9909.0,9124.373000528118,9848.293708784899,10568.135121417827,10045.777194285776,9846.933943576949,9912.51946306654
2025-11,멕시코,A1_western_surge,7927.0,8234.29394839802,9271.670793638747,8382.75616498729,7828.446433067564,8629.573635674686,8559.647039064552
2025-12,멕시코,A1_western_surge,4589.0,7956.932102353008,7350.988512640282,5635.144188043213,5050.800844995522,6981.0216010121685,6831.1028139681275
2025-01,미국,A1_western_surge,74262.0,110589.27599237347,70189.17083499116,72502.82408735118,81023.74702999035,84427.09030490527,84393.13445773449
2025-02,미국,A1_western_surge,72445.0,95996.87009563154,67215.10329084547,73324.81633450824,80521.53762549095,78845.59657366175,79202.18945322113
2025-03,미국,A1_western_surge,132117.0,115149.39878676985,137512.46344320467,141805.43496625434,151785.39464793203,131489.09906540962,131983.60908012194
2025-04,미국,A1_western_surge,153381.0,159182.43183419347,147563.49028342208,152816.47655134258,166435.60617359987,153187.46622298606,153569.2522612666
2025-05,미국,A1_western_surge,132324.0,146825.47888837892,137145.22782812704,151081.13365334686,163277.92876652096,145017.28012328426,146151.26093241505
2025-06,미국,A1_western_surge,166242.0,168422.4809538392,254700.43430203127,228298.51651015916,245448.69217374915,217140.4772553432,215381.29926072285
2025-07,미국,A1_western_surge,131832.0,174497.9245787078,178370.05610794097,154483.72234864172,170728.54158177698,169117.23434509683,167100.71110918664
2025-08,미국,A1_western_surge,111754.0,124589.87376311317,624748.7796085711,122934.37196158012,157329.81639685782,290757.67511108815,250792.7914272774
2025-09,미국,A1_western_surge,121682.0,148280.75135403642,440587.0021989443,129676.28966861058,157019.075857173,239514.68107386376,214652.81624790712
2025-10,미국,A1_western_surge,148951.0,168719.40756435384,494016.01863324764,197756.56294512603,227197.19370083534,286830.66304757586,263408.2674046736
2025-11,미국,A1_western_surge,132651.0,144463.06536603905,373037.4602395505,126274.73797921857,150215.29158723526,214591.75452826938,194839.85626539856
2025-12,미국,A1_western_surge,105599.0,143263.2157091371,288850.9919875538,104740.028932977,125245.49329746394,178951.4122098893,164071.4784548794
2025-01,사우디아라비야,A1_western_surge,855.0,1745.445653362373,1416.1013273122676,1178.5796773264058,0.0,1446.7088860003487,1424.5497512839997
2025-02,사우디아라비야,A1_western_surge,896.0,1561.5797378312516,1536.3819404882913,1254.480108177743,19.208863318417798,1450.8139288324285,1426.6091985285843
2025-03,사우디아라비야,A1_western_surge,789.0,1260.3509204464744,865.3516843554086,717.5105771658548,0.0,947.7377273225793,932.8567526005357
2025-04,사우디아라비야,A1_western_surge,2049.0,1625.1855123332148,2512.7158003079194,2149.069187834926,938.0941990086135,2095.65683349202,2069.7036099028132
2025-05,사우디아라비야,A1_western_surge,1920.0,1962.0016287394594,2055.3809279222396,1817.1575084733213,621.2712532589055,1944.84668837834,1925.0491742700588
2025-06,사우디아라비야,A1_western_surge,2512.0,2603.623925748423,3988.032442134857,3588.3560141449516,2481.4921712367313,3393.337460676077,3367.155385522964
2025-07,사우디아라비야,A1_western_surge,2598.0,2565.1221940109385,3591.404007169943,3029.8136565452214,1917.9706946136648,3062.113285908701,3020.0603373728486
2025-08,사우디아라비야,A1_western_surge,1752.0,2273.5419123628812,5469.821757995333,1678.6105912118219,673.4921850505075,3140.658087190012,2835.3867873922172
2025-09,사우디아라비야,A1_western_surge,1678.0,2169.3831905183843,3626.1344173267207,1677.1109226039625,576.3755235173949,2490.876176816356,2332.871368971882
2025-10,사우디아라비야,A1_western_surge,2157.0,2195.1653164706695,2543.132656689606,1781.428461743676,628.2513256121645,2173.2421449679837,2110.223797094157
2025-11,사우디아라비야,A1_western_surge,2566.0,2320.8398786201265,4004.884293643303,2242.745233632741,1154.893860149008,2856.1564686320567,2715.40431066249
2025-12,사우디아라비야,A1_western_surge,1226.0,2006.5491518286617,2797.260081329538,1004.57439019865,0.0,1936.127874452283,1787.6512106884302
2025-01,영국,A1_western_surge,6905.0,10139.613555409922,8794.271468247607,8506.549181794175,8077.118816938713,9146.811401817235,9114.547621103009
2025-02,영국,A1_western_surge,7398.0,9054.396826351334,8118.739368608138,8469.343463854308,7922.86842942496,8547.493219604594,8572.057571090707
2025-03,영국,A1_western_surge,15717.0,10752.052183347394,16794.316411129745,17571.775951591204,17296.24398448128,15039.381515356115,15140.350188407352
2025-04,영국,A1_western_surge,24459.0,13529.953616919143,22619.2636191258,24220.260740460086,24240.45393768073,20123.159325501674,20311.871727508318
2025-05,영국,A1_western_surge,16606.0,13321.180805823093,14346.250772154268,15753.789644726912,15621.096158923745,14473.740407568092,14599.746161829482
2025-06,영국,A1_western_surge,13937.0,14179.812585932827,12985.872142472348,13841.538484298406,13770.306079333743,13669.074404234527,13735.26639768338
2025-07,영국,A1_western_surge,13020.0,14955.72084660388,13904.357241274955,13691.378333614837,13729.815043179315,14183.818807164556,14159.618408643317
2025-08,영국,A1_western_surge,15571.0,13238.172176889559,51629.68957473229,15890.985737949126,17514.854953629296,26919.615829856994,24089.22977663386
2025-09,영국,A1_western_surge,16239.0,14318.980276621272,31899.469413454535,15569.27749105954,16353.419997652862,20595.90906037845,19302.830843627726
2025-10,영국,A1_western_surge,19206.0,17139.92767377633,23478.7212235529,18451.177885907477,18973.01185002955,19689.9422610789,19297.15119547568
2025-11,영국,A1_western_surge,13697.0,14760.544276680535,25454.50716287424,13232.401180868043,13816.710273799325,17815.817540140943,16833.916867899676
2025-12,영국,A1_western_surge,9185.0,13323.26524457427,23715.73470031261,10050.487393832727,10534.431974898618,15696.495779573203,14589.695588588671
2025-01,카자흐스탄,A1_western_surge,4007.0,4027.42929362,4433.940398804255,4074.6516816496464,3087.25539985667,4178.673791357966,4150.337059917548
2025-02,카자흐스탄,A1_western_surge,4285.0,4198.741670520858,3965.2766818813116,3945.5616906269015,2953.4500819585883,4036.5266810096905,4033.506628304238
2025-03,카자흐스탄,A1_western_surge,6267.0,4318.553520904376,5162.122535713614,5693.7620898103305,4715.066622993725,5058.14604880944,5108.353884800235
2025-04,카자흐스탄,A1_western_surge,6044.0,5369.959939647241,4562.3168149292915,4601.001944502217,3710.3594978415013,4844.42623302625,4843.101540357127
2025-05,카자흐스탄,A1_western_surge,5229.0,5712.0814277928675,4561.847307573199,4918.662982946794,4045.557730608147,5064.19723943762,5088.062576511791
2025-06,카자흐스탄,A1_western_surge,5636.0,5340.968490818953,4350.46677534209,4470.463605082785,3571.4223118431955,4720.632957081276,4725.200755809656
2025-07,카자흐스탄,A1_western_surge,6269.0,5720.668306053108,5121.3759572065555,5595.6664690476755,4729.307678824432,5479.236910769113,5516.284750523916
2025-08,카자흐스탄,A1_western_surge,7222.0,6020.354556913399,10033.311817860096,6661.052357058699,6019.123582664243,7571.572910610732,7306.737467329967
2025-09,카자흐스탄,A1_western_surge,5607.0,6513.560410993646,6740.515999338194,5404.364286827609,4683.478300873245,6219.480232386483,6106.739453153115
2025-10,카자흐스탄,A1_western_surge,6014.0,6160.7179385665,5514.70067113692,5504.331172659417,4694.309014983443,5726.583260787612,5721.997596525248
2025-11,카자흐스탄,A1_western_surge,5139.0,6015.239046280282,5704.534506947142,4211.253103466266,3437.755286456799,5310.342218897897,5181.110467930137
2025-12,카자흐스탄,A1_western_surge,3271.0,5112.716535555517,5104.692154176621,3272.379392540466,2427.1742524643205,4496.596027424202,4340.161733443793
2025-01,캐나다,A1_western_surge,13975.0,21699.881085149555,14520.753671119393,15305.294399099992,15859.550434125325,17175.309718456312,17201.14576604379
2025-02,캐나다,A1_western_surge,14252.0,18314.712687154686,13881.714485420483,15705.700980773145,15948.841624255041,15967.376051116104,16097.659881391619
2025-03,캐나다,A1_western_surge,25018.0,20254.153503979993,25776.29069383632,31871.438907367607,32343.862222142452,25967.29436839464,26519.149547334382
2025-04,캐나다,A1_western_surge,30972.0,24680.83292913702,27453.32413947911,33406.37706532875,34263.3140300512,28513.511377981627,29037.487704469502
2025-05,캐나다,A1_western_surge,27787.0,24789.336314483095,27192.335238983673,33337.4751480944,34192.73619423162,28439.715567187057,28977.969975048258
2025-06,캐나다,A1_western_surge,22065.0,27524.59481552327,24234.341282359303,28486.73673757619,29565.496817608142,26748.55761181959,27092.652783725884
2025-07,캐나다,A1_western_surge,24316.0,24683.8736253015,27149.891408663374,32940.267036991114,33797.14713888825,28258.010690318664,28766.346878209355
2025-08,캐나다,A1_western_surge,24153.0,24185.971951994077,46751.170666511134,32206.162480855062,33974.83475561031,34381.101699786755,33268.94359147445
2025-09,캐나다,A1_western_surge,27534.0,27218.03598385235,35729.69015353168,32081.56654397369,33572.26096342874,31676.430893785906,31413.82057490725
2025-10,캐나다,A1_western_surge,30938.0,32015.53058963678,36467.958940222205,36168.1935180148,37951.23161072664,34883.89434929126,34883.81445099224
2025-11,캐나다,A1_western_surge,23135.0,31292.994353872928,28147.69631079316,23572.034670949113,25283.953874613857,27670.908445205063,27262.357215589305
2025-12,캐나다,A1_western_surge,18473.0,25410.86339848482,24453.844535707263,17918.833112960405,19159.54647800313,22594.51368238416,22031.266755643
2025-01,튀르키예,A1_western_surge,2461.0,3229.0592921685766,2630.280857533005,2344.8549932478554,1260.8565710526764,2734.7317143164787,2706.94052566179
2025-02,튀르키예,A1_western_surge,2395.0,2978.664920447693,2310.901189061981,2243.2959327681638,1127.3502831751125,2510.9540140926124,2501.3586926058856
2025-03,튀르키예,A1_western_surge,5440.0,3030.07407524918,3468.8099814631787,3265.0414328099305,2177.188363756818,3254.641829840763,3239.7633770896136
2025-04,튀르키예,A1_western_surge,7100.0,4498.458828710522,6124.56824380838,6773.906754995893,5822.47426433929,5798.977942504932,5863.714092269107
2025-05,튀르키예,A1_western_surge,4920.0,5381.477390987,4018.8502961211593,3964.225321447824,3067.9781424305947,4454.851002851995,4442.383117904799
2025-06,튀르키예,A1_western_surge,5347.0,5295.940133605801,4818.0781109705185,5162.11411306447,4260.763510016231,5092.044119213597,5118.670303453218
2025-07,튀르키예,A1_western_surge,5982.0,5243.353913012968,4485.177059224478,4284.977869291023,3390.1781833267187,4671.169613842823,4649.739449071244
2025-08,튀르키예,A1_western_surge,6300.0,5620.679740185593,8837.037055756253,4916.23826404096,4238.601771218414,6457.985019994269,6141.768396925026
2025-09,튀르키예,A1_western_surge,6022.0,5949.6693023121115,6245.935910789674,4222.134907151676,3468.7664901728886,5472.580040084486,5301.545270373474
2025-10,튀르키예,A1_western_surge,6007.0,6206.888286920108,5318.556697965195,4927.654102387465,4129.425636139662,5484.366362424257,5445.914042583161
2025-11,튀르키예,A1_western_surge,5803.0,5637.173124415607,5083.369119623514,3343.7489853485044,2537.0092982730857,4688.097076462542,4536.44769320991
2025-12,튀르키예,A1_western_surge,2425.0,5428.333661800352,4527.7099926851715,2574.2217900699757,1747.8183374539149,4176.755148185167,4004.8653638199903
2025-01,프랑스,A1_western_surge,6719.0,11710.098421183407,8368.320905096429,7548.542332991305,7252.539946894833,9208.987219757046,9119.87599099493
2025-02,프랑스,A1_western_surge,8914.0,10316.764252438268,9423.245548012765,9415.045942101144,9002.039647973525,9718.351914184059,9712.533671272005
2025-03,프랑스,A1_western_surge,12830.0,10559.713829578119,12815.282990828275,12650.665149130813,12319.95876723572,12008.553989845735,12007.424550000385
2025-04,프랑스,A1_western_surge,22806.0,14403.073183427132,25787.56671681391,28026.42969641942,28151.10115163647,22739.02319888682,22995.325260265963
2025-05,프랑스,A1_western_surge,17440.0,14741.263849317575,17263.57274390878,17012.41154835276,17092.701064898654,16339.082713859703,16332.094761852066
2025-06,프랑스,A1_western_surge,12208.0,13723.446881281863,12318.530147056545,12087.032658290851,12000.957423533888,12709.669895543086,12681.863649057534
2025-07,프랑스,A1_western_surge,16896.0,14981.659441441103,15613.078401946725,14536.142621131527,14632.107466823903,15043.62682150645,14955.327098656897
2025-08,프랑스,A1_western_surge,21602.0,14986.031012174808,54206.10256167652,18628.434585401974,20430.459505564715,29273.5227197511,26461.62737898757
2025-09,프랑스,A1_western_surge,16097.0,15207.045904068094,27958.047808320443,14584.26816787088,15281.84296978655,19249.787293419806,18181.37448016871
2025-10,프랑스,A1_western_surge,20693.0,20453.510064723196,27086.56455080914,21938.410035476496,22788.925776699987,23159.49488366961,22758.095260685262
2025-11,프랑스,A1_western_surge,13476.0,17416.817930231493,24641.185728116812,13001.752023266698,13765.340665223483,18353.251893871668,17401.207318208304
2025-12,프랑스,A1_western_surge,10395.0,14370.855390957695,21585.428480036106,10107.892622813008,10572.283100615325,15354.725497935602,14416.442834136233
2025-01,호주,A1_western_surge,19468.0,24139.601436145404,17871.931218593003,18149.25321991796,18970.093511774856,20053.59529155212,20041.361263818962
2025-02,호주,A1_western_surge,12638.0,17962.204239853872,11676.985302147139,13020.221889319586,13212.02172672153,14219.803810440199,14298.445319051854
2025-03,호주,A1_western_surge,20574.0,23949.201301706824,25567.81919609433,31615.09968455605,32378.71061347566,27044.040060785734,27569.4489201926
2025-04,호주,A1_western_surge,36222.0,22132.770035417423,30199.426832156467,34262.29291386659,35021.26310250392,28864.829927146828,29257.80529226094
2025-05,호주,A1_western_surge,23013.0,25161.725060787052,23991.710620640355,28317.902025935284,29202.691543988654,25823.779235787562,26186.3184208061
2025-06,호주,A1_western_surge,19360.0,25050.52678260575,21786.0300525342,24952.907698286577,25826.000893816403,23929.821511142174,24181.415025859395
2025-07,호주,A1_western_surge,16861.0,23240.518272372232,16615.052545092596,17858.359602201144,18557.040206106507,19237.976806555325,19306.140247081636
2025-08,호주,A1_western_surge,14565.0,18983.9336153092,28593.50781725746,16537.387529702894,17505.884662635613,21371.60965408985,20397.664121875467
2025-09,호주,A1_western_surge,25954.0,20185.128976770095,34274.0457029177,31578.479159878938,32457.083753227846,28679.217946522243,28529.85721490205
2025-10,호주,A1_western_surge,27259.0,26114.81174117332,34285.36909272689,34426.457528832994,35690.25334392533,31608.879454244405,31667.725350886205
2025-11,호주,A1_western_surge,23673.0,25969.541818988488,31106.548866277444,28242.381887976906,29530.83563042768,28439.490857747613,28224.46019961236
2025-12,호주,A1_western_surge,27570.0,25317.541785352703,40265.0791175276,33107.98747231451,34631.78380688323,32896.869458398265,32371.635000034825
2025-01,대만,A2_asia_surge,135434.0,127717.14245739931,118542.1889971008,107192.39706897458,118316.73890462832,117817.24284115824,116795.97790046592
2025-02,대만,A2_asia_surge,120015.0,129896.78759946427,120149.4924391495,93289.06670274018,105082.7567766973,114445.11558045133,112096.7357932037
2025-03,대만,A2_asia_surge,140017.0,122567.60793350694,151159.87642846603,108706.01841106135,120921.9701735483,127477.83425767809,124018.17449664845
2025-04,대만,A2_asia_surge,151613.0,131945.04032200007,156237.04301164628,113887.16338888278,126931.62410749697,134023.08224084304,130547.66355219224
2025-05,대만,A2_asia_surge,150272.0,128451.83001620727,148585.43298845403,112839.17211318927,125275.30096468516,129958.81170595018,127023.19259157417
2025-06,대만,A2_asia_surge,164885.0,154368.2675968678,250968.01794837217,128786.22071119022,147650.88737436524,178040.83541881005,168165.949130362
2025-07,대만,A2_asia_surge,199280.0,183526.8403181457,264206.2740392786,129013.14777448212,150813.163374816,192248.75404396883,181172.15030312052
2025-08,대만,A2_asia_surge,191565.0,217356.05581520018,865757.6562012577,133177.59006763258,186051.77500898158,405430.43402803014,346618.83565566014
2025-09,대만,A2_asia_surge,154992.0,205965.09083400172,327442.59624660946,118670.09169337703,145561.37601843607,217359.2595913294,200236.34491763177
2025-10,대만,A2_asia_surge,161049.0,213012.08929310276,534840.1073560785,125693.73169100352,162763.17777154993,291181.9761133949,258104.78578422923
2025-11,대만,A2_asia_surge,158374.0,193580.28890955867,331873.97399524506,115048.11876140577,141275.76634076942,213500.79388873652,195786.85310848808
2025-12,대만,A2_asia_surge,163918.0,195132.4251592607,298640.4947411398,112425.74108664932,137280.52200880696,202066.2203290166,186765.67947281772
2025-01,몽골,A2_asia_surge,15487.0,12126.705774759019,14410.317609655725,14291.04283966748,14110.76690012861,13609.35540802741,13612.256648846476
2025-02,몽골,A2_asia_surge,11164.0,12523.079376068468,12148.057383074678,11719.888613248562,11541.538503277945,12130.341790797238,12091.649220814345
2025-03,몽골,A2_asia_surge,14847.0,14054.338506210852,12696.488445795865,12505.028920855784,12450.505594410115,13085.285290954169,13061.165909408757
2025-04,몽골,A2_asia_surge,12996.0,12473.837945205792,11808.45183495589,12043.679294157984,11835.538027687762,12108.656358106557,12124.921500367736
2025-05,몽골,A2_asia_surge,11659.0,12242.494475545729,12284.896333197303,12690.823173357414,12467.345987524228,12406.071327366815,12440.960172611332
2025-06,몽골,A2_asia_surge,16955.0,12493.568699017298,14082.085381767101,14274.470196221546,14108.25891310546,13616.708092335315,13642.22779102673
2025-07,몽골,A2_asia_surge,14456.0,15478.143312644424,14227.836783359748,13375.832183830722,13480.608973812767,14360.604093278298,14280.723082464841
2025-08,몽골,A2_asia_surge,15682.0,13193.996133292549,26572.33044518329,15059.616629942473,15517.34031338073,18275.314402806103,17369.337589042516
2025-09,몽골,A2_asia_surge,13727.0,16479.592400728325,22478.72244735327,16251.703510692332,16740.180592094697,18403.339452924643,17906.227143597684
2025-10,몽골,A2_asia_surge,13805.0,13413.687621122337,24078.218069364448,14310.550673822037,14690.124340122082,17267.485454769605,16494.903096255846
2025-11,몽골,A2_asia_surge,12737.0,12920.629835013642,20463.4320264603,13249.826966955086,13450.966444087191,15544.629609476344,14972.154664584286
2025-12,몽골,A2_asia_surge,13386.0,15352.286981244477,19837.57672407633,13253.310541698975,13617.710023407868,16147.724749006593,15611.449467340812
2025-01,싱가포르,A2_asia_surge,17575.0,28438.467546974098,20091.723778131807,15928.565096275015,17262.9886243528,21486.252140460307,21083.112336760856
2025-02,싱가포르,A2_asia_surge,15485.0,26559.839958715507,20026.86524904371,16975.1428782847,18125.735551021422,21187.28269534797,20889.394181512733
2025-03,싱가포르,A2_asia_surge,36370.0,31468.76596927755,38469.23332934901,35943.41475319625,37784.7052975062,35293.804683940936,35118.326729706285
2025-04,싱가포르,A2_asia_surge,37953.0,32762.931448282547,34022.08603101453,31556.725730992788,33422.50614349741,32780.58107009662,32577.374887419937
2025-05,싱가포르,A2_asia_surge,37734.0,38568.9816190611,37051.86534394192,35681.65388372561,38027.304061685805,37100.83361557621,36975.19514209302
2025-06,싱가포르,A2_asia_surge,40211.0,42398.74048087381,33981.27215055503,31986.52515431333,34602.30114332345,36122.179261914054,35903.708771828475
2025-07,싱가포르,A2_asia_surge,16008.0,26345.315346834315,18161.64631674412,15505.694523766877,16595.247102347686,20004.218729115102,19730.653541920416
2025-08,싱가포르,A2_asia_surge,15894.0,24092.349765911298,36603.521877189116,19369.49631176822,21037.621181375813,26688.45598495621,25289.196435957943
2025-09,싱가포르,A2_asia_surge,29816.0,29475.09529294354,38982.835919079414,28699.414715813404,30625.687902028247,32385.781975945454,31562.553389370078
2025-10,싱가포르,A2_asia_surge,39995.0,33020.814701710005,66300.47237724529,37754.340741067805,40983.36224475275,45691.8759400077,43446.09500703019
2025-11,싱가포르,A2_asia_surge,48541.0,35328.98007533989,63238.74894004531,40892.94816789911,44065.22464558001,46486.892394428105,44739.55046329042
2025-12,싱가포르,A2_asia_surge,64053.0,42381.94470428972,91364.18305061241,49682.74979527836,54482.49224708454,61142.95918339349,57866.027324178816
2025-01,인도,A2_asia_surge,10783.0,13960.47144084887,13195.564544323546,11597.144604251647,11586.261475900536,12917.726863141355,12776.919674639204
2025-02,인도,A2_asia_surge,11586.0,14277.518252116719,11748.516124062124,10724.789606892084,10696.842970908901,12250.274661023643,12148.412304056921
2025-03,인도,A2_asia_surge,16082.0,15567.928001159778,18647.15128892635,17683.418271275208,17874.638122023283,17299.499187120444,17234.88327264179
2025-04,인도,A2_asia_surge,21196.0,16102.572555025428,19503.185819917835,19478.931200586063,19698.913065307304,18361.56319184311,18378.973021050213
2025-05,인도,A2_asia_surge,22256.0,14612.549203463903,19002.72248892951,19984.32703918445,20047.03167261729,17866.532910525955,17975.461622324372
2025-06,인도,A2_asia_surge,19905.0,15254.381311706351,19154.431822542654,19462.912378906156,19599.514937451055,17957.24183771839,18005.911653533734
2025-07,인도,A2_asia_surge,16605.0,15222.33412397689,17139.472164186827,15100.887820527885,15271.246196323984,15820.898036230536,15657.886454184283
2025-08,인도,A2_asia_surge,15853.0,15508.334043561264,30363.944561576234,17742.30726697552,18482.412655204807,21204.861957371006,20212.700645323865
2025-09,인도,A2_asia_surge,19353.0,18214.957833024135,24643.531891251405,18617.39048255185,19274.75475888048,20491.960068942466,20014.452717763317
2025-10,인도,A2_asia_surge,17400.0,19061.815914728533,29528.555898089617,18140.001358209418,19110.57584577172,22243.45772367586,21331.399247499805
2025-11,인도,A2_asia_surge,16603.0,18209.127125794927,22376.34050799159,14271.056932236337,14951.827801692883,18285.508188674285,17617.59165423558
2025-12,인도,A2_asia_surge,11655.0,17493.136999664755,18731.476244876034,11773.989300618434,12300.60687226509,15999.53418171974,15412.804690088615
2025-01,인도네시아,A2_asia_surge,27516.0,27191.255302427904,21882.32828746162,22814.35550278528,23926.573612204116,23962.646364224933,24011.783615864122
2025-02,인도네시아,A2_asia_surge,24574.0,27196.488631991466,21165.072705196948,21228.596876647745,22355.14998609818,23196.719404612053,23167.591033249555
2025-03,인도네시아,A2_asia_surge,32325.0,29665.720243549713,28690.000603868735,29716.40952427464,31139.18558234479,29357.37679056436,29439.391752687952
2025-04,인도네시아,A2_asia_surge,36580.0,34097.6892511809,36789.6914257544,38029.46854538649,39936.800701351676,36305.6164074406,36426.8524587719
2025-05,인도네시아,A2_asia_surge,34665.0,31014.514747652698,30918.788029320203,32702.6242666139,34247.881882398055,31545.30901452893,31697.011501141205
2025-06,인도네시아,A2_asia_surge,32029.0,32928.937766186034,30689.38360432382,30968.156695608173,32706.924904627864,31528.826022039342,31539.79037924503
2025-07,인도네시아,A2_asia_surge,28651.0,30500.72800515588,24746.67000313545,24790.10247130337,26241.107170382355,26679.166826531567,26649.912432008416
2025-08,인도네시아,A2_asia_surge,24800.0,29250.227165225588,43519.29724426592,28459.92360336345,30590.619024466174,33743.14933761832,32539.566732221137
2025-09,인도네시아,A2_asia_surge,26703.0,30845.382091033112,38022.82662281283,30445.627756226688,32382.404824339174,33104.61215669088,32499.01149101663
2025-10,인도네시아,A2_asia_surge,33323.0,32920.80909423648,53531.91526571761,34128.72175787653,36854.11284970672,40193.81537261021,38655.8162359471
2025-11,인도네시아,A2_asia_surge,30357.0,31615.231152495726,42802.28445569175,31309.49363858436,33507.83346472739,35242.33641559061,34325.5075688113
2025-12,인도네시아,A2_asia_surge,34073.0,31936.79372091562,44466.86804621246,33452.14548080909,35690.168961957716,36618.60241597906,35750.27012712943
2025-01,필리핀,A2_asia_surge,36740.0,40192.27234356516,37698.38100183374,31584.00177391403,34212.98278700793,36491.55170643764,35955.40206470696
2025-02,필리핀,A2_asia_surge,37689.0,38038.69190824038,35479.02560404985,28190.524254522825,30645.891331546172,33902.74725560435,33266.00922999323
2025-03,필리핀,A2_asia_surge,50973.0,43589.272843355684,62419.42116291572,49750.21249155993,53271.72688789899,51919.635499277116,50946.18157704997
2025-04,필리핀,A2_asia_surge,69393.0,50360.127657691424,57268.710349522364,48846.124219658726,52688.295837174075,52158.32074229084,51479.02593408846
2025-05,필리핀,A2_asia_surge,60559.0,54026.08151526179,49305.61008891409,44568.831142223906,48453.80409274478,49300.17424879992,48868.84844499832
2025-06,필리핀,A2_asia_surge,53128.0,54213.04567799621,50695.39352455553,44369.15950424747,48340.88599205584,49759.19956893307,49199.103591165265
2025-07,필리핀,A2_asia_surge,41692.0,45523.96064281658,42255.0571254754,35011.14690073185,38175.80468178437,40930.05488967461,40293.059954828765
2025-08,필리핀,A2_asia_surge,40847.0,42843.17226008068,64308.400201412325,35216.45266981343,39207.463585452235,47456.008377102145,45095.96451852743
2025-09,필리핀,A2_asia_surge,47625.0,48107.123834652666,58817.35401177648,39624.9877197843,43640.363473597354,48849.82185540448,47273.10100297473
2025-10,필리핀,A2_asia_surge,62811.0,55569.90511748548,103618.54102839113,52132.33263780657,58485.828358827996,70440.25959456105,66321.13984070011
2025-11,필리핀,A2_asia_surge,60068.0,54622.08202887776,80669.3214925755,49142.59301832477,54423.36046895775,61477.99884659267,58936.3933105202
2025-12,필리핀,A2_asia_surge,53616.0,55293.605547402236,74641.57053454142,48263.25349351968,53338.17482910022,59399.47652515444,57258.91320754656
2025-01,말레이시아,B_recovering,26188.0,29185.034774288783,37188.49230326635,23025.704472524303,25015.34592867922,29799.74385002648,28636.79331645253
2025-02,말레이시아,B_recovering,25161.0,31608.154440433907,70021.56038014931,37332.73332032973,40638.7398811288,46320.816046970984,43750.8630832925
2025-03,말레이시아,B_recovering,24780.0,31686.46882556752,63395.00011839172,34189.53318280569,37282.6281015176,43090.33404225498,40779.278694358974
2025-04,말레이시아,B_recovering,30811.0,34960.61399781147,68581.53322912737,41871.590193364944,45238.3089724393,48471.245806767925,46384.1388769375
2025-05,말레이시아,B_recovering,27416.0,33749.75196390063,62906.128087581325,33932.43507199265,37173.91495181941,43529.43837449153,41223.54529958513
2025-06,말레이시아,B_recovering,19945.0,28337.014915849562,29989.31439520962,23182.393243402526,24758.72843030027,27169.57418482057,26598.066836031056
2025-07,말레이시아,B_recovering,13840.0,26810.771193144457,29897.248806879652,22736.271649671467,24200.56616688863,26481.430549898523,25887.919938532094
2025-08,말레이시아,B_recovering,15516.0,24629.308519611848,29897.248806879652,22772.208506246097,24062.246357832802,25766.2552775792,25188.30810798896
2025-09,말레이시아,B_recovering,31359.0,27596.49061410026,61293.93520942331,38273.100161834125,40818.52910215699,42387.84199511923,40616.03966968827
2025-10,말레이시아,B_recovering,34016.0,35200.80905689406,62360.46898865188,43634.73587449003,46672.354070575806,47065.337973345326,45622.672772043734
2025-11,말레이시아,B_recovering,36250.0,35806.51550985536,63603.28655310256,39132.3676504555,42413.0334330694,46180.72323780448,44251.35467866251
2025-12,말레이시아,B_recovering,43865.0,37118.18687190238,64046.281072879334,41952.81420186191,45273.37420912062,47705.76071554787,45974.332148073314
2025-01,베트남,B_recovering,24922.0,36822.842499802144,39756.67875934405,29329.507031561043,31856.70655384259,35303.00943023575,34429.85395418046
2025-02,베트남,B_recovering,51313.0,39371.13608155314,57517.19692125326,48588.60214316017,51577.99683357729,48492.31171532219,47834.20136783691
2025-03,베트남,B_recovering,52874.0,47210.38579379697,61695.98536416744,53570.690067033334,57229.918885918,54159.02040833258,53548.50338956252
2025-04,베트남,B_recovering,52792.0,49185.52160639322,59975.30283170182,53729.43167523405,57459.09226466574,54296.752037776365,53825.473303456645
2025-05,베트남,B_recovering,41565.0,47910.57393517149,54176.92151268825,49437.9072667984,52921.18773172003,50508.467571552705,50139.88753489685
2025-06,베트남,B_recovering,45408.0,48234.69889264292,59541.97980826371,53570.690067033334,57209.128275512965,53782.45625597999,53337.57753940743
2025-07,베트남,B_recovering,47692.0,46513.58200688189,58422.43865530968,53017.31878099469,56482.78354291082,52651.11314772875,52258.00321075873
2025-08,베트남,B_recovering,51664.0,48579.935512897515,58422.43865530968,53570.690067033334,57183.4660000775,53524.35474508018,53166.63834337478
2025-09,베트남,B_recovering,46001.0,48450.27192524189,55983.28788096645,52199.64271102555,55727.93622500043,52211.06750574463,51931.28438910386
2025-10,베트남,B_recovering,50483.0,48827.42138953818,59291.91492133567,55407.95070949363,59026.068805167124,54509.09567345583,54237.542887362666
2025-11,베트남,B_recovering,44013.0,46810.22139829724,54689.81846782573,50325.424380522265,53718.84878512387,50608.48808221507,50281.123252604055
2025-12,베트남,B_recovering,34378.0,44935.78923788217,54176.92151268825,47475.18975190844,50781.63302384047,48862.63350082628,48343.57572393591
2025-01,일본,B_recovering,174717.0,237288.74216659254,245161.75905100635,198761.88084483013,221819.24959347426,227070.7940208097,223155.6529907233
2025-02,일본,B_recovering,224482.0,220509.11693888757,262529.41682598076,212070.17830194064,234216.63681387738,231702.90402226965,227636.90385770128
2025-03,일본,B_recovering,383312.0,259620.80262438953,320640.81900912646,305515.36254779674,330697.4562408553,295258.9947271042,294317.5785964343
2025-04,일본,B_recovering,257903.0,272094.92307890014,263015.3733541411,261598.83070415346,286366.6884267997,265569.7090457315,265396.7957869276
2025-05,일본,B_recovering,291626.0,261206.9112859456,279986.5636907657,273196.7477382144,297554.27958260756,271463.4075716419,270991.471948636
2025-06,일본,B_recovering,287140.0,254398.11608828296,270399.0141826974,266489.7035898059,290054.9422928784,263762.2779535954,263520.2764146796
2025-07,일본,B_recovering,299782.0,245830.06986449,264124.63168205915,261598.83070415346,284334.2902883078,257184.5107502342,257073.7310355761
2025-08,일본,B_recovering,378852.0,285233.93417014414,320640.81900912646,303978.02432001743,331239.81686239934,303284.25916642934,302064.9093926809
2025-09,일본,B_recovering,370709.0,317536.8754977069,301664.7732935624,292608.0864294004,321878.2603124863,303936.5784068899,303072.6667880308
2025-10,일본,B_recovering,316776.0,345558.4661274633,319294.20752825815,303978.02432001743,335964.71836943587,322943.56599191297,321485.874776574
2025-11,일본,B_recovering,362879.0,347736.3845062596,322115.8619403703,305515.36254779674,337762.24163180776,325122.53633147554,323558.91598355677
2025-12,일본,B_recovering,304959.0,333133.0482254084,267654.64811968524,254352.39897652421,284404.5201344576,285046.6984405393,283536.26391163794
2025-01,중국,B_recovering,364460.0,314718.18044514064,386729.93729879387,321377.20052382915,353586.50146295363,340941.7727559212,335776.41111916356
2025-02,중국,B_recovering,340860.0,337400.9271182386,423786.14821452665,366314.0612077537,400722.6014467082,375833.712180173,371423.30236727645
2025-03,중국,B_recovering,416849.0,327994.8358523315,383260.0802975873,414299.3875806335,444590.21371720254,375184.7679101841,378150.55982281687
2025-04,중국,B_recovering,443230.0,366801.4447785835,381650.48435500683,414299.3875806335,447594.4952980322,387583.7722380746,390455.4246206238
2025-05,중국,B_recovering,484390.0,386723.48194829776,392468.5034227428,416178.13918476785,451510.7349372441,398456.7081852695,400513.24080391106
2025-06,중국,B_recovering,477052.0,440608.1510846016,388922.8892230181,416178.13918476785,455620.1853480295,415236.3931641292,417266.56295349135
2025-07,중국,B_recovering,602147.0,501145.32594811474,383260.0802975873,417997.37584779464,461921.634704757,434134.2606978323,436423.8069296417
2025-08,중국,B_recovering,604618.0,750198.9670464995,383260.0802975873,420831.8635574486,484441.05684014887,518096.97030051175,519201.76963781577
2025-09,중국,B_recovering,503186.0,841184.241987238,383260.0802975873,419000.29047337273,489887.500776506,547814.8709193993,548242.147856826
2025-10,중국,B_recovering,472477.0,693555.6580486533,392468.5034227428,420831.8635574486,480381.0444480025,502285.3416762816,502981.42292631033
2025-11,중국,B_recovering,377866.0,542549.9901708709,346391.8601694174,391484.5942148706,437749.22451091185,426808.81485171965,429533.8242637416
2025-12,중국,B_recovering,393834.0,442405.0919395704,359063.7985729899,385804.80686793977,424891.9538468588,395757.8991268333,397562.84084727167
2025-01,홍콩,B_recovering,44278.0,43566.49593987685,74620.07672473078,38119.17017048083,42568.676716414666,52101.91427836282,49164.43963635767
2025-02,홍콩,B_recovering,30270.0,49135.31810806325,71390.708764338,49949.34347375667,54330.35555585458,56825.12344871931,55122.58493640626
2025-03,홍콩,B_recovering,44030.0,45806.2561701182,72907.07708344328,59374.21053525766,63278.02858654625,59362.514596273046,58362.72473237947
2025-04,홍콩,B_recovering,64591.0,46921.30220508034,69630.43353080408,57052.95146556558,60960.110759169744,57868.22906715,56924.82427740893
2025-05,홍콩,B_recovering,51363.0,49461.044452978414,70843.0228246366,59643.46268993303,63731.43228500401,59982.509989182676,59149.10874046753
2025-06,홍콩,B_recovering,56109.0,51816.66871180736,73204.32837292591,59820.1989085556,64201.75389687445,61613.73199776296,60593.909784848714
2025-07,홍콩,B_recovering,64224.0,52082.92473325062,73204.32837292591,62208.79433964866,66539.3065580304,62498.68248194173,61681.20224106776
2025-08,홍콩,B_recovering,64860.0,52006.87945772519,92703.12640929096,61979.1767272676,67234.86683656547,68896.39419809458,66507.22093818421
2025-09,홍콩,B_recovering,40879.0,51327.64550190163,66622.8087408052,56130.308318520576,60272.56976570534,58026.920853742464,57218.999797139186
2025-10,홍콩,B_recovering,44671.0,53489.55391342396,72896.88520798768,62563.65163231911,66980.5296257837,62983.363584576924,62212.59200589944
2025-11,홍콩,B_recovering,49635.0,49935.48548202968,67994.56690336303,60879.54448714145,64832.80283719812,59603.19895751139,59099.379189660365
2025-12,홍콩,B_recovering,68239.0,49073.99868817191,74577.84986079345,61804.365831396266,65973.34924939822,61818.738126787204,60874.613708859746
2025-01,러시아,C_underperform,11513.0,13023.45068243382,11490.867883792836,15726.644733452955,15435.78687946271,13413.654433226538,13766.399789299106
2025-02,러시아,C_underperform,11857.0,10212.56231539771,10542.38002534936,21056.66693672749,20336.649429394845,13937.203092491522,14836.489283416078
2025-03,러시아,C_underperform,19322.0,9865.12944869469,16684.13117086345,26082.073358757752,25473.74654204239,17543.777992771964,18384.956336443527
2025-04,러시아,C_underperform,26827.0,12874.704429918413,19273.373243497485,29587.496039259928,29234.884921420035,20578.524570891943,21495.491324139293
2025-05,러시아,C_underperform,21633.0,16141.895557299562,17286.30577408549,25826.36938614082,25752.581134818218,19751.523572508624,20486.975624375496
2025-06,러시아,C_underperform,19040.0,17574.091271548295,15736.158842376692,26115.04176190465,26072.74255800385,19808.430625276545,20683.742381368444
2025-07,러시아,C_underperform,20446.0,17959.40192067694,20887.933092870022,35251.81568816183,35208.20995169891,24699.7169005696,25942.453382106003
2025-08,러시아,C_underperform,21474.0,17374.796829760653,18745.97324193832,30558.893037164347,30509.158601811916,22226.55436962111,23242.64447080939
2025-09,러시아,C_underperform,19476.0,18267.09579856592,18272.8023638011,25595.706987139856,25744.35497931608,20711.86838316896,21336.91271321796
2025-10,러시아,C_underperform,23822.0,18863.142060786573,20886.473065690072,32502.297378517247,32613.449253092993,24083.970834997963,25086.974572148356
2025-11,러시아,C_underperform,17182.0,18466.76046869386,14898.443366776868,26114.74232201732,26103.605661514506,19826.648719162684,20763.521850412035
2025-12,러시아,C_underperform,11932.0,17862.624244529303,12508.084810699722,23292.51960062225,23205.400197903422,17887.74288528376,18777.524167773427
2025-01,아랍에미리트,C_underperform,312.0,857.8716254411311,487.27350775902886,627.4128094520984,0.0,657.5193142174195,667.3573140759286
2025-02,아랍에미리트,C_underperform,372.0,702.0277326669041,558.0672759630958,859.0909317611183,0.0,706.3953134637062,731.2630950691401
2025-03,아랍에미리트,C_underperform,513.0,675.2143497379925,246.66190214899572,925.7059562112032,0.0,615.8607360327305,671.3624001318125
2025-04,아랍에미리트,C_underperform,1213.0,1148.7761406042202,966.965134223363,1008.7479217759364,0.0,1041.4963988678398,1044.021089178584
2025-05,아랍에미리트,C_underperform,717.0,989.4305865481632,1011.6133881657194,919.855390956538,0.0,973.6331218901402,965.9286264039189
2025-06,아랍에미리트,C_underperform,627.0,827.7997705270769,745.2024691432116,956.4407903784163,0.0,843.1476766829015,860.7037695384306
2025-07,아랍에미리트,C_underperform,982.0,977.3302292491591,1078.4286237239462,1163.871839407566,0.0,1073.2102307935572,1081.081958332862
2025-08,아랍에미리트,C_underperform,746.0,799.9682170785788,673.9404033052938,1048.8096311084328,0.0,840.9060838307684,872.1793272550276
2025-09,아랍에미리트,C_underperform,598.0,796.8319054131568,610.0283214315793,885.6879634256986,0.0,764.182730090145,786.6402658906169
2025-10,아랍에미리트,C_underperform,1041.0,943.6475787461161,828.6535552655189,1067.8840165476795,0.0,946.7283835197715,966.4880317757372
2025-11,아랍에미리트,C_underperform,923.0,974.5719774471459,770.1601874866504,975.2119956222862,0.0,906.6480535186942,922.978327711048
2025-12,아랍에미리트,C_underperform,1199.0,1035.1772028983069,969.6345076285202,919.7431530770165,0.0,974.8516212012811,970.2179295696932
2025-01,태국,C_underperform,20447.0,22522.700068370228,20485.45755160704,23238.779236354858,23901.354802390604,22082.31228544404,22305.638865788154
2025-02,태국,C_underperform,20598.0,22359.062191055036,22309.712729780505,33038.29247275341,33478.22762926421,25902.355797862983,26817.759923254685
2025-03,태국,C_underperform,27942.0,26889.428648777168,33472.119984737,45610.83427803835,46559.60085144439,35324.127637184174,36397.877854943974
2025-04,태국,C_underperform,40689.0,30894.776808395844,43027.950611092085,60140.41847255774,61421.04637170072,44687.71529734856,46217.77176816577
2025-05,태국,C_underperform,29480.0,27285.07747285875,28683.683463261557,40196.082896837164,41112.90098248742,32054.947944319156,33045.54568833573
2025-06,태국,C_underperform,21179.0,22928.980523160004,20128.458114256988,34933.06369376122,35257.58895960149,25996.834110392738,27244.368271413026
2025-07,태국,C_underperform,20856.0,21330.006819657236,18046.438581982922,40332.23249340884,40267.982545624,26569.559298349664,28452.847587432647
2025-08,태국,C_underperform,18844.0,20197.84630101384,16823.437895009378,35668.907558392595,35597.7282307064,24230.063918138603,25819.199353377313
2025-09,태국,C_underperform,21535.0,20079.42143001018,18899.859390428635,31561.689997374433,31703.648162198995,23513.65693927108,24587.59020852841
2025-10,태국,C_underperform,40937.0,29825.681813965057,40198.704534239245,59971.42353985362,61038.17930432638,43331.93662935265,45078.963369780686
2025-11,태국,C_underperform,32303.0,26819.13285452962,28963.63149819757,43020.09570618693,43827.85935237909,32934.2866863047,34146.29370838869
2025-12,태국,C_underperform,39120.0,27526.55266811092,32797.28620741013,43876.332425731336,44896.10089199769,34733.39043375079,35709.18235278326
2025-01,ETC,ETC_group,67940.0,73025.11365564525,91347.2331387065,77096.98524770839,83500.05883959871,80489.77734735339,79378.4711774689
2025-02,ETC,ETC_group,77576.0,76013.55720356943,91408.07863362534,79276.18163406153,85853.51928597168,82232.6058237521,81285.33104207974
2025-03,ETC,ETC_group,110725.0,97694.17329820435,115533.49563050157,96306.41836512346,105233.7883688969,103178.02909794312,101639.18372432815
2025-04,ETC,ETC_group,138469.0,109047.60818590678,117298.04365964733,107883.47456917498,117445.91792599409,111409.70880490971,110653.43464403492
2025-05,ETC,ETC_group,113008.0,103334.36391276262,103605.17364864149,100455.16314653111,109139.47755022135,102464.9002359784,102197.59739298341
2025-06,ETC,ETC_group,100072.0,88520.21116922393,89314.97880447443,95422.64185312422,102405.66071991964,91085.9439422742,91611.78714940217
2025-07,ETC,ETC_group,108994.0,97134.5539379964,107002.750394581,105481.8877073234,113683.19610434734,103206.3973466336,103133.12002478028
2025-08,ETC,ETC_group,132095.0,110212.38827684088,122370.0958047951,114811.4054908464,124497.38700283766,115797.96319082746,115222.47101732747
2025-09,ETC,ETC_group,127860.0,108716.68417852446,119419.53472314747,106131.46971962096,115821.14798860498,111422.5628737643,110349.73325882785
2025-10,ETC,ETC_group,135603.0,112442.29732401592,118693.9544404706,111976.72202868291,121751.12364773564,114370.99126438981,113833.4856872453
2025-11,ETC,ETC_group,108207.0,94096.80357405721,101147.93531588637,94540.64094987317,102553.90016519092,96595.12661327224,96071.58395977109
2025-12,ETC,ETC_group,88285.0,80285.21454128686,89480.98378768093,84258.25488708456,90932.79228536885,84674.81773868411,84281.73334939359
