year_month,country,country_group,actual,pred_A,pred_B,pred_C,pred_final,pred_corrected
2025-01,독일,A1_western_surge,6053.0,9255.454868360684,9321.410502930416,73896.21575473694,26746.372229403984,6053.0
2025-02,독일,A1_western_surge,7597.0,7908.649416962211,9635.118680247228,9018.566549597284,8701.10112950559,8701.10112950559
2025-03,독일,A1_western_surge,18334.0,12391.834952526384,20318.956734688905,18869.13172976816,16079.954142321929,16079.954142321929
2025-04,독일,A1_western_surge,27847.0,16112.983324440873,23183.762461077244,22627.822581589466,19884.71424397814,19884.71424397814
2025-05,독일,A1_western_surge,15251.0,14763.545295691432,16748.8718397484,16935.385873248106,16192.195874203777,16192.195874203777
2025-06,독일,A1_western_surge,11925.0,12900.583834579733,13921.088100359664,12551.94746772665,12982.855205394546,12982.855205394546
2025-07,독일,A1_western_surge,11340.0,13025.313503438045,16853.302678783977,13456.482695231643,13679.30584085078,13679.30584085078
2025-08,독일,A1_western_surge,16519.0,12841.940577570816,76409.56105222256,16628.64279727333,16781.721990705963,16781.721990705963
2025-09,독일,A1_western_surge,19312.0,16208.487285950348,41692.06608804231,18624.88032878366,18819.447827271622,18819.447827271622
2025-10,독일,A1_western_surge,19677.0,18770.386934778573,27713.580391793665,19271.163947315534,19816.390898803544,19816.390898803544
2025-11,독일,A1_western_surge,12934.0,13868.576122506956,34507.313158899604,12732.13307826123,14354.634904563842,14354.634904563842
2025-12,독일,A1_western_surge,9047.0,12137.061407303065,32396.84120975581,10568.135488053937,12294.770890887,12294.770890887
2025-01,멕시코,A1_western_surge,4226.0,4878.937473961051,2211.6192502372,20792.62833755654,9743.762960426504,4226.0
2025-02,멕시코,A1_western_surge,4586.0,4705.011554468854,2188.655466805114,1854.8208527754225,2842.193344841864,2842.193344841864
2025-03,멕시코,A1_western_surge,6549.0,5163.808669331644,3825.908630047621,3387.057685514613,4160.181618708774,4160.181618708774
2025-04,멕시코,A1_western_surge,9977.0,5768.0755123768095,3817.55879380748,3452.3511908425658,4402.548162131091,4402.548162131091
2025-05,멕시코,A1_western_surge,6554.0,7556.046878724674,2946.5827322809514,2919.8365931131348,4460.197615775086,4460.197615775086
2025-06,멕시코,A1_western_surge,6303.0,6417.359914152549,3254.376764967988,3019.884606740462,4260.3351864199785,4260.3351864199785
2025-07,멕시코,A1_western_surge,8430.0,6810.043369980131,4763.925159873654,4146.453657183002,5261.178690612637,5261.178690612637
2025-08,멕시코,A1_western_surge,7584.0,9143.232861643362,17807.722146271175,8235.324885634944,9224.049100294094,9224.049100294094
2025-09,멕시코,A1_western_surge,8869.0,8419.898505333098,11265.493655272536,8168.735638513634,8594.38583643505,8594.38583643505
2025-10,멕시코,A1_western_surge,9909.0,9448.133520568726,9413.318212587576,9430.69774623666,9584.386466234522,9584.386466234522
2025-11,멕시코,A1_western_surge,7927.0,8492.829704246105,11315.701898517487,7844.677988054562,8454.73632567115,8454.73632567115
2025-12,멕시코,A1_western_surge,4589.0,7510.879364938245,9438.857815908188,5362.37584749115,6543.675305010716,6543.675305010716
2025-01,미국,A1_western_surge,74262.0,108068.8128398094,70256.45842731108,241025.8127340995,158780.80046105996,74262.0
2025-02,미국,A1_western_surge,72445.0,100487.45247243268,72370.6440377236,63402.08589407912,78786.17448971736,78786.17448971736
2025-03,미국,A1_western_surge,132117.0,138695.83951655062,215144.2168242345,122106.46821576044,135468.64336001736,135468.64336001736
2025-04,미국,A1_western_surge,153381.0,216325.7911107652,232634.6411553157,134613.68760283082,172885.72899639315,172885.72899639315
2025-05,미국,A1_western_surge,132324.0,193243.0687824443,217166.38919579567,132243.44757631503,162530.900007558,162530.900007558
2025-06,미국,A1_western_surge,166242.0,190204.2333705788,506392.580057682,195487.12768909792,208298.63121299248,208298.63121299248
2025-07,미국,A1_western_surge,131832.0,189035.766315926,316638.57650387054,135439.61027993448,167240.95837029826,167240.95837029826
2025-08,미국,A1_western_surge,111754.0,142813.13765241354,579312.8403677712,110570.9751136828,139687.84021311768,139687.84021311768
2025-09,미국,A1_western_surge,121682.0,159716.6607576309,484344.18199334247,114806.2298566762,147478.875230842,147478.875230842
2025-10,미국,A1_western_surge,148951.0,206078.1664058661,518115.4058916,172064.862777428,202452.6672441622,202452.6672441622
2025-11,미국,A1_western_surge,132651.0,173796.3069780794,476011.1062898484,110808.50100754114,150005.081837494,150005.081837494
2025-12,미국,A1_western_surge,105599.0,162789.32065188966,387208.8941206994,91802.6227202998,130832.81048639191,130832.81048639191
2025-01,사우디아라비야,A1_western_surge,855.0,1792.2195183634954,1703.3622953572658,8377.21798701901,3953.172266929552,855.0
2025-02,사우디아라비야,A1_western_surge,896.0,1721.09697107797,1836.6461130403272,1199.8818429908004,1469.226410715437,1469.226410715437
2025-03,사우디아라비야,A1_western_surge,789.0,1450.5923362217427,1381.2335097769917,852.5324991761149,1127.8835398846936,1127.8835398846936
2025-04,사우디아라비야,A1_western_surge,2049.0,2020.1717903851927,2766.2454187318367,2054.873962545008,2120.886367521236,2120.886367521236
2025-05,사우디아라비야,A1_western_surge,1920.0,2233.229838312948,2193.786372016795,1721.1920199119247,1992.6812018716628,1992.6812018716628
2025-06,사우디아라비야,A1_western_surge,2512.0,3054.9637833429315,3759.794826733435,3045.121495545312,3149.020957610115,3149.020957610115
2025-07,사우디아라비야,A1_western_surge,2598.0,2942.5050242137427,3856.333638367282,2785.0507259932406,2968.1453609016253,2968.1453609016253
2025-08,사우디아라비야,A1_western_surge,1752.0,2600.694199797434,10507.035037341328,1712.0897574031007,2361.979376914414,2361.979376914414
2025-09,사우디아라비야,A1_western_surge,1678.0,2503.24241810695,5520.9777179064295,1660.4389193700474,2189.2132858027776,2189.2132858027776
2025-10,사우디아라비야,A1_western_surge,2157.0,2490.4204351984317,3389.838974964023,1736.2063895787533,2160.2925305317226,2160.2925305317226
2025-11,사우디아라비야,A1_western_surge,2566.0,2567.5672906009927,6316.051135177462,2072.9927769598385,2497.3749759853326,2497.3749759853326
2025-12,사우디아라비야,A1_western_surge,1226.0,2052.7876309227418,5174.989472979273,1005.2771558273946,1556.0114492829598,1556.0114492829598
2025-01,영국,A1_western_surge,6905.0,9056.929280731922,10575.700860959723,67122.97806095639,25469.3166200983,6905.000000000001
2025-02,영국,A1_western_surge,7398.0,8695.973301750324,10776.420841556574,7906.408876150172,8545.34407795412,8545.34407795412
2025-03,영국,A1_western_surge,15717.0,11806.508079441888,20057.53995765671,16002.946438328569,14485.864816482932,14485.864816482932
2025-04,영국,A1_western_surge,24459.0,14541.551275565396,21731.93752803173,18152.49180557557,16960.726495760293,16960.726495760293
2025-05,영국,A1_western_surge,16606.0,13449.728691705302,16502.923308943453,14148.497223997678,14201.308283519007,14201.308283519007
2025-06,영국,A1_western_surge,13937.0,13253.388501509502,17265.2732380466,12529.56232887335,13316.96188802488,13316.96188802488
2025-07,영국,A1_western_surge,13020.0,13336.280309290289,20389.728299300816,12853.887102338667,13680.788986626623,13680.788986626623
2025-08,영국,A1_western_surge,15571.0,13199.034976253975,92236.68430106228,14579.294372424536,16099.048368726586,16099.048368726586
2025-09,영국,A1_western_surge,16239.0,14523.520118642344,45392.65302100355,14144.870876274264,15729.43663884284,15729.43663884284
2025-10,영국,A1_western_surge,19206.0,17258.500611796197,30790.3700245366,16936.86484984037,18047.39331179841,18047.39331179841
2025-11,영국,A1_western_surge,13697.0,14079.880431769285,41117.598113459615,12049.194064262836,14222.668145738597,14222.668145738597
2025-12,영국,A1_western_surge,9185.0,12468.361814175976,38443.18882062902,9545.664213842943,11955.97120349537,11955.97120349537
2025-01,카자흐스탄,A1_western_surge,4007.0,3873.959885227754,4099.834934678213,30043.363705970696,11088.852706864904,4006.9999999999995
2025-02,카자흐스탄,A1_western_surge,4285.0,4379.040399423631,3987.118672951011,3870.997641940645,4159.188193643317,4159.188193643317
2025-03,카자흐스탄,A1_western_surge,6267.0,4525.861629298718,4904.927843730632,5617.793603002123,5160.259956966217,5160.259956966217
2025-04,카자흐스탄,A1_western_surge,6044.0,5163.523857643161,4556.945319677222,4841.10514432299,5039.20631780277,5039.20631780277
2025-05,카자흐스탄,A1_western_surge,5229.0,5365.941651238394,4295.864720859858,4879.582623049402,5122.092686911884,5122.092686911884
2025-06,카자흐스탄,A1_western_surge,5636.0,5362.334043187011,4337.626969486429,4484.125638588493,4910.734413974044,4910.734413974044
2025-07,카자흐스탄,A1_western_surge,6269.0,5412.231821628488,5066.7885079151165,5794.125208586801,5668.916283087216,5668.916283087216
2025-08,카자흐스탄,A1_western_surge,7222.0,5888.586158890048,14766.179187037002,6652.962281653274,6780.525899668468,6780.525899668468
2025-09,카자흐스탄,A1_western_surge,5607.0,6820.153481619341,8168.575771326445,5388.450034111713,6233.13464182828,6233.13464182828
2025-10,카자흐스탄,A1_western_surge,6014.0,5644.513145069605,5764.449341506922,5586.636613837544,5716.946578214966,5716.946578214966
2025-11,카자흐스탄,A1_western_surge,5139.0,5484.103540343062,7985.322680444131,4206.66989056778,5006.993925496153,5006.993925496153
2025-12,카자흐스탄,A1_western_surge,3271.0,4911.7307445547885,7517.827558333907,3490.674436061678,4331.199072960791,4331.199072960791
2025-01,캐나다,A1_western_surge,13975.0,17575.80149161106,14028.771145664505,98244.0927525144,41725.69542992264,13975.0
2025-02,캐나다,A1_western_surge,14252.0,16429.851307699337,14149.211574968242,15110.485288943612,15817.995982253133,15817.995982253133
2025-03,캐나다,A1_western_surge,25018.0,20325.65056995924,23469.945127468454,24515.141471525894,22876.04663871575,22876.04663871575
2025-04,캐나다,A1_western_surge,30972.0,23458.201496196438,24242.13569308957,26164.444667528,25182.91447646716,25182.91447646716
2025-05,캐나다,A1_western_surge,27787.0,22603.505246288845,23259.32491409722,25949.827059293097,24615.012284470205,24615.012284470205
2025-06,캐나다,A1_western_surge,22065.0,21945.766852476485,20886.901751566824,22466.35763540268,22440.17413695712,22440.17413695712
2025-07,캐나다,A1_western_surge,24316.0,22901.764931683458,26141.30492802628,26348.418259699043,25144.679039022656,25144.679039022656
2025-08,캐나다,A1_western_surge,24153.0,22578.53218413583,65482.63119775572,25871.42752010852,26378.59403251755,26378.59403251755
2025-09,캐나다,A1_western_surge,27534.0,24407.66855610768,39608.68157439329,25264.53663340537,26029.62819593344,26029.62819593344
2025-10,캐나다,A1_western_surge,30938.0,25999.45081653319,32575.41242817791,28006.311302334325,27786.490734040955,27786.490734040955
2025-11,캐나다,A1_western_surge,23135.0,22929.8074302526,33838.01688881856,20080.37287486284,22337.03703362105,22337.03703362105
2025-12,캐나다,A1_western_surge,18473.0,20946.51613259095,31700.936109794056,17751.900374012293,20109.56922870577,20109.56922870577
2025-01,튀르키예,A1_western_surge,2461.0,3232.796184388263,2913.510807196957,18372.89054923339,7829.765523869536,2461.0
2025-02,튀르키예,A1_western_surge,2395.0,3100.346813732869,2797.0588923461623,2357.3651686392923,2729.8552719408435,2729.8552719408435
2025-03,튀르키예,A1_western_surge,5440.0,3324.6935009112976,3880.980849996121,3293.0455688591173,3403.1886320830663,3403.1886320830663
2025-04,튀르키예,A1_western_surge,7100.0,4813.929061001001,5606.734495921904,6193.388404935673,5615.649162284314,5615.649162284314
2025-05,튀르키예,A1_western_surge,4920.0,5735.549120950604,4079.516698585316,3777.386048398008,4616.334539807718,4616.334539807718
2025-06,튀르키예,A1_western_surge,5347.0,5267.456594173373,4670.160690529901,4541.791737480599,4929.921669668238,4929.921669668238
2025-07,튀르키예,A1_western_surge,5982.0,5245.849291133433,4913.818762301153,4106.923859596806,4694.707803441435,4694.707803441435
2025-08,튀르키예,A1_western_surge,6300.0,5299.46372238012,14074.456208131302,4584.444413011424,5357.429241664821,5357.429241664821
2025-09,튀르키예,A1_western_surge,6022.0,5815.041006477592,8064.95510373469,3917.4501442889073,4956.300223645515,4956.300223645515
2025-10,튀르키예,A1_western_surge,6007.0,5792.251650670374,5775.986208144148,4545.464612999608,5211.283561276714,5211.283561276714
2025-11,튀르키예,A1_western_surge,5803.0,5290.321486581139,7663.29349702541,3367.283165181724,4396.054395150607,4396.054395150607
2025-12,튀르키예,A1_western_surge,2425.0,5036.260546902782,7019.0909659187255,2636.3261329024867,3783.26002431288,3783.26002431288
2025-01,프랑스,A1_western_surge,6719.0,10349.760759421391,9268.538593068715,54769.54021685016,24117.63703025231,6719.0
2025-02,프랑스,A1_western_surge,8914.0,9437.704573106188,11214.652634706748,8853.309361452697,9392.607471539975,9392.607471539975
2025-03,프랑스,A1_western_surge,12830.0,11363.070927124145,14594.367036227688,11758.497495338148,11940.521812915702,11940.521812915702
2025-04,프랑스,A1_western_surge,22806.0,16232.986708262362,23844.02539672504,19939.093847424072,18753.97227870869,18753.97227870869
2025-05,프랑스,A1_western_surge,17440.0,15449.158324960186,18732.93996566156,16071.585248629515,16203.688265271772,16203.688265271772
2025-06,프랑스,A1_western_surge,12208.0,13010.0632621871,15040.422241624514,11399.683863381975,12479.763891153674,12479.763891153674
2025-07,프랑스,A1_western_surge,16896.0,13510.66248386149,20363.465853039328,13643.109582815348,14174.136291689923,14174.136291689923
2025-08,프랑스,A1_western_surge,21602.0,15241.836411660935,88319.66474910657,16939.44038470574,18404.437518642328,18404.437518642328
2025-09,프랑스,A1_western_surge,16097.0,15188.603307635589,36843.311480141645,13467.7670197318,15418.809355193882,15418.809355193882
2025-10,프랑스,A1_western_surge,20693.0,18139.304308150568,28900.616893867733,16972.98956093023,18373.92413143501,18373.92413143501
2025-11,프랑스,A1_western_surge,13476.0,15315.217594238766,37768.16244557221,12169.77183646556,14729.429429914508,14729.429429914508
2025-12,프랑스,A1_western_surge,10395.0,12567.455995273867,33611.05101593228,9310.695343772735,11737.95536552888,11737.95536552888
2025-01,호주,A1_western_surge,19468.0,19370.172232903005,17453.84793918372,90092.1595321716,42266.46833831803,19468.0
2025-02,호주,A1_western_surge,12638.0,16035.631425955344,11915.277416841678,12789.974717523144,14226.420439507392,14226.420439507392
2025-03,호주,A1_western_surge,20574.0,21493.240873576207,22974.15853681304,23952.665927563605,23121.225235499667,23121.225235499667
2025-04,호주,A1_western_surge,36222.0,23036.770372639294,24733.99291546032,26105.002617666098,24995.01102071996,24995.01102071996
2025-05,호주,A1_western_surge,23013.0,21653.83092963857,19630.28090011778,21921.494197554435,21944.708350844736,21944.708350844736
2025-06,호주,A1_western_surge,19360.0,22678.358610634128,18843.8610810354,20077.88933762853,21353.64540807313,21353.64540807313
2025-07,호주,A1_western_surge,16861.0,20251.204407327943,18178.38202445525,18846.412812256807,19661.436706656383,19661.436706656383
2025-08,호주,A1_western_surge,14565.0,16609.482803382623,43736.38919503708,16883.661324692242,18159.987257572728,18159.987257572728
2025-09,호주,A1_western_surge,25954.0,20781.88897096696,37105.54256950282,24481.9650837088,23816.37339621552,23816.37339621552
2025-10,호주,A1_western_surge,27259.0,24784.555285563776,29854.963533469843,26384.162595891292,26262.40446672714,26262.40446672714
2025-11,호주,A1_western_surge,23673.0,21285.77620846934,34878.54118171759,21869.413048596027,22636.310347608127,22636.310347608127
2025-12,호주,A1_western_surge,27570.0,22977.548935229985,42984.657160349336,24308.875224517087,25021.287512934425,25021.287512934425
2025-01,대만,A2_asia_surge,135434.0,142710.55495624116,121463.3087063456,258384.49982758635,192226.49172429112,135434.0
2025-02,대만,A2_asia_surge,120015.0,153149.6103854341,131740.06561602835,100011.35809556888,123573.78519131851,123573.78519131851
2025-03,대만,A2_asia_surge,140017.0,141754.65629510034,166779.52703782258,120506.30395962822,133471.5974690111,133471.5974690111
2025-04,대만,A2_asia_surge,151613.0,155417.82916552448,159908.87803550166,127457.63733448843,142370.1021183071,142370.1021183071
2025-05,대만,A2_asia_surge,150272.0,148295.12801679684,164429.79876133308,127662.18967556974,139932.33690266864,139932.33690266864
2025-06,대만,A2_asia_surge,164885.0,176241.58188101318,261814.1813558119,149263.03668822392,168238.33043819258,168238.33043819258
2025-07,대만,A2_asia_surge,199280.0,203370.80103511288,252731.4646384885,151314.0217633664,179619.9642517425,179619.9642517425
2025-08,대만,A2_asia_surge,191565.0,227770.6842496384,315025.9708931247,155556.59561660571,194066.8303494317,194066.8303494317
2025-09,대만,A2_asia_surge,154992.0,202206.68726869344,185350.13248244772,135509.47923723052,165931.0160370598,165931.0160370598
2025-10,대만,A2_asia_surge,161049.0,204069.4505107456,307465.4395611656,148949.13040925405,180885.2368144152,180885.2368144152
2025-11,대만,A2_asia_surge,158374.0,194621.4111404493,192287.62208963608,134268.56089915324,162906.26016638172,162906.26016638172
2025-12,대만,A2_asia_surge,163918.0,210899.91698139973,165613.5008725014,128404.44097330415,163150.85002416442,163150.85002416442
2025-01,몽골,A2_asia_surge,15487.0,12554.01879481712,13818.700353030315,36602.200243158535,21975.76562037264,15486.999999999998
2025-02,몽골,A2_asia_surge,11164.0,13275.345959231316,12913.014573981702,11880.827850894306,12718.030593991984,12718.030593991984
2025-03,몽골,A2_asia_surge,14847.0,13740.378529144562,13207.99113555326,12852.64405075378,13447.635135748367,13447.635135748367
2025-04,몽골,A2_asia_surge,12996.0,13432.696171461865,11223.685416950691,12733.84791961761,13108.784572551602,13108.784572551602
2025-05,몽골,A2_asia_surge,11659.0,13235.578401927352,11990.54351820685,13478.113398495683,13465.140877707629,13465.140877707629
2025-06,몽골,A2_asia_surge,16955.0,12912.1844591836,13186.055032006854,13748.975725651611,13546.216625101457,13546.216625101457
2025-07,몽골,A2_asia_surge,14456.0,15782.984703917004,13506.648930335494,13815.696119734472,14816.82695785944,14816.82695785944
2025-08,몽골,A2_asia_surge,15682.0,13874.83672466361,14864.342725466791,14461.591692663214,14445.984991875404,14445.984991875404
2025-09,몽골,A2_asia_surge,13727.0,16879.137627152766,16600.571346864846,17469.795625239192,17402.70883041978,17402.70883041978
2025-10,몽골,A2_asia_surge,13805.0,13660.716088222707,16768.843513502226,14355.685649260651,14416.616095794294,14416.616095794294
2025-11,몽골,A2_asia_surge,12737.0,13217.750108760143,14119.280440339442,14121.423827267045,13932.526158934512,13932.526158934512
2025-12,몽골,A2_asia_surge,13386.0,14579.764239807846,13173.957743816423,13918.790828748672,14353.44316077355,14353.44316077355
2025-01,싱가포르,A2_asia_surge,17575.0,23780.807273338112,18115.977237780186,43323.89904164891,31997.64486059044,17575.0
2025-02,싱가포르,A2_asia_surge,15485.0,23379.48344654938,19690.386462026792,16447.142363902254,19626.36133332645,19626.36133332645
2025-03,싱가포르,A2_asia_surge,36370.0,32628.119043748236,38668.37740671946,33920.83566352432,34107.8624072591,34107.8624072591
2025-04,싱가포르,A2_asia_surge,37953.0,34392.65274012286,32664.33604071912,30394.764615749387,32627.41736309069,32627.41736309069
2025-05,싱가포르,A2_asia_surge,37734.0,38889.70808761016,36679.6144377434,34146.16576370521,36746.85447294848,36746.85447294848
2025-06,싱가포르,A2_asia_surge,40211.0,41054.44014953767,34060.53507866195,31075.03484016118,35681.49758273849,35681.49758273849
2025-07,싱가포르,A2_asia_surge,16008.0,22995.57643950478,17239.865573728646,16423.374148850286,19296.9748139123,19296.9748139123
2025-08,싱가포르,A2_asia_surge,15894.0,21768.647725227624,21118.04066338041,18692.802059132828,20402.31538036281,20402.31538036281
2025-09,싱가포르,A2_asia_surge,29816.0,30542.97030680604,28506.340461295986,26912.321616733392,28903.827757592466,28903.827757592466
2025-10,싱가포르,A2_asia_surge,39995.0,36315.70887079365,46245.65840856201,36036.696590997366,37259.76313560621,37259.76313560621
2025-11,싱가포르,A2_asia_surge,48541.0,38357.81792189949,44614.05921320024,38630.45129459959,39398.48341535276,39398.48341535276
2025-12,싱가포르,A2_asia_surge,64053.0,45715.76132443792,68550.55004750557,46472.802683891816,47992.6140701832,47992.6140701832
2025-01,인도,A2_asia_surge,10783.0,13443.331541483234,12818.835429965691,25989.694814832405,18947.68888024908,10783.0
2025-02,인도,A2_asia_surge,11586.0,13287.037694133984,12545.08179582237,9918.547638793592,11595.207759331495,11595.207759331495
2025-03,인도,A2_asia_surge,16082.0,16101.9315406591,19064.297501385103,15696.356255528668,16316.858107708693,16316.858107708693
2025-04,인도,A2_asia_surge,21196.0,16988.03608524547,19257.99364933675,17047.553993301786,17413.931824223,17413.931824223
2025-05,인도,A2_asia_surge,22256.0,16270.091806038818,18539.17323948292,17378.25751686575,17217.316134690114,17217.316134690114
2025-06,인도,A2_asia_surge,19905.0,16434.705707587906,18698.16906832496,16885.123232712667,17052.74711786889,17052.74711786889
2025-07,인도,A2_asia_surge,16605.0,15872.75393636241,16625.358606267582,15170.454684218292,15792.412540622829,15792.412540622829
2025-08,인도,A2_asia_surge,15853.0,16127.154212608151,18159.092643772092,15741.517801570124,16296.748762017938,16296.748762017938
2025-09,인도,A2_asia_surge,19353.0,17928.647104508207,18126.919275043027,16537.117184960145,17475.212661149217,17475.212661149217
2025-10,인도,A2_asia_surge,17400.0,19233.769621799776,21322.946378532924,16522.243369190135,18200.494348720586,18200.494348720586
2025-11,인도,A2_asia_surge,16603.0,17482.56038154049,15250.009456075704,13054.985029269908,15168.350669798276,15168.350669798276
2025-12,인도,A2_asia_surge,11655.0,16985.369498544886,12398.821484442818,11444.507297719005,13824.510430009932,13824.510430009932
2025-01,인도네시아,A2_asia_surge,27516.0,24555.95634287449,21400.83952771937,58742.93813384953,38243.28243232815,27515.999999999996
2025-02,인도네시아,A2_asia_surge,24574.0,26024.560623010155,21666.097725068183,21139.05293968683,23462.235212287465,23462.235212287465
2025-03,인도네시아,A2_asia_surge,32325.0,29836.84880275449,28121.02727573765,28641.187563442145,29500.034868003,29500.034868003
2025-04,인도네시아,A2_asia_surge,36580.0,35207.136646464525,35829.818524480324,37151.61589487244,36689.0523614628,36689.0523614628
2025-05,인도네시아,A2_asia_surge,34665.0,30644.284648777146,29339.156072931783,32695.770033680248,31985.97083801516,31985.97083801516
2025-06,인도네시아,A2_asia_surge,32029.0,32268.225708026053,30050.936263612493,31064.11550340589,31918.97095925743,31918.97095925743
2025-07,인도네시아,A2_asia_surge,28651.0,29158.072958215733,23609.00609935303,25682.190618622317,27322.060714059437,27322.060714059437
2025-08,인도네시아,A2_asia_surge,24800.0,28931.38086184854,27703.511219023312,27815.84501707719,28660.43101029531,28660.43101029531
2025-09,인도네시아,A2_asia_surge,26703.0,30762.82844508767,28668.78596541442,30572.6965743052,30925.371390143493,30925.371390143493
2025-10,인도네시아,A2_asia_surge,33323.0,33449.48633543162,44702.83472167348,34711.35078266691,35222.60132381653,35222.60132381653
2025-11,인도네시아,A2_asia_surge,30357.0,31498.2644790274,31478.823413978756,32411.47847485932,32377.3922517308,32377.3922517308
2025-12,인도네시아,A2_asia_surge,34073.0,31865.35695380777,32503.94057150807,33624.34204833425,33217.778585930064,33217.778585930064
2025-01,필리핀,A2_asia_surge,36740.0,40170.14772829183,35712.8276571434,77168.87188743423,56048.23396906867,36740.0
2025-02,필리핀,A2_asia_surge,37689.0,37403.2772556757,35703.17552115466,28252.43777458844,32794.69810514266,32794.69810514266
2025-03,필리핀,A2_asia_surge,50973.0,46343.92034199434,69592.84428717634,48213.016649025136,49224.7202621662,49224.7202621662
2025-04,필리핀,A2_asia_surge,69393.0,52772.22221452287,64153.56157917885,47996.56983318417,51619.47428895048,51619.47428895048
2025-05,필리핀,A2_asia_surge,60559.0,53522.38826400302,48382.69783514062,43094.17703423971,48245.741501897246,48245.741501897246
2025-06,필리핀,A2_asia_surge,53128.0,54975.87785242145,49020.38782507381,42180.58200117095,48320.14045256845,48320.14045256845
2025-07,필리핀,A2_asia_surge,41692.0,44812.23843267985,40583.49900178184,35675.67619024634,40184.08028412187,40184.08028412187
2025-08,필리핀,A2_asia_surge,40847.0,40957.86143167403,42536.20897524908,35692.827793284174,38807.420037406046,38807.420037406046
2025-09,필리핀,A2_asia_surge,47625.0,46709.76373323862,45114.64386124167,39596.71970102374,43418.561416510514,43418.561416510514
2025-10,필리핀,A2_asia_surge,62811.0,57594.61038428031,81687.07149055292,52026.08471159071,56732.29255289496,56732.29255289496
2025-11,필리핀,A2_asia_surge,60068.0,55746.518359912654,67799.13928398657,49195.5324459837,53703.74526305833,53703.74526305833
2025-12,필리핀,A2_asia_surge,53616.0,55877.63030743189,63699.70616246298,47582.680986804815,52637.28097229378,52637.28097229378
2025-01,말레이시아,B_recovering,26188.0,26284.39741157921,33418.79209310283,1016876.4794579372,170388.58212181277,26188.0
2025-02,말레이시아,B_recovering,25161.0,31517.68262238701,46507.265471142906,28702.1518181926,31293.82811560024,31293.82811560024
2025-03,말레이시아,B_recovering,24780.0,31175.71365026797,41467.39455017946,27674.19390052362,30342.031801136945,30342.031801136945
2025-04,말레이시아,B_recovering,30811.0,34769.48906619179,42368.69305893949,33699.91839221505,35149.80670746734,35149.80670746734
2025-05,말레이시아,B_recovering,27416.0,32151.06956018233,39625.22108584379,29449.843219536397,31621.107828854754,31621.107828854754
2025-06,말레이시아,B_recovering,19945.0,26989.07107904305,27378.43507624568,21832.9903805018,24612.307103869487,24612.307103869487
2025-07,말레이시아,B_recovering,13840.0,24612.484454179616,25586.270361618797,20919.18026507011,23052.91815367377,23052.91815367377
2025-08,말레이시아,B_recovering,15516.0,21557.419592143648,28719.33107285251,20493.331187900352,21734.51283618064,21734.51283618064
2025-09,말레이시아,B_recovering,31359.0,26937.330597212786,46460.98762265456,30271.15659417971,30060.032740722792,30060.032740722792
2025-10,말레이시아,B_recovering,34016.0,34092.60546062451,75540.58534023288,35894.19375427631,37440.21474917011,37440.21474917011
2025-11,말레이시아,B_recovering,36250.0,33999.460649273016,56499.70168299126,32165.84954316062,34689.276255798475,34689.276255798475
2025-12,말레이시아,B_recovering,43865.0,36540.87302001485,46455.08676209688,32511.03214955049,35483.31125717118,35483.31125717118
2025-01,베트남,B_recovering,24922.0,35413.61272265222,34291.53197913777,1245593.3326574245,214644.0566115088,24922.0
2025-02,베트남,B_recovering,51313.0,41145.71772637208,47679.963865060665,40684.00998864524,41857.02319010237,41857.02319010237
2025-03,베트남,B_recovering,52874.0,48003.31967684644,51068.85775645025,46299.18111960514,47929.32921480953,47929.32921480953
2025-04,베트남,B_recovering,52792.0,49213.783042057206,50789.93505488665,49681.99646485082,50171.24950681409,50171.24950681409
2025-05,베트남,B_recovering,41565.0,47640.00484635395,42730.94933905207,43803.77849635645,45895.03637721536,45895.03637721536
2025-06,베트남,B_recovering,45408.0,48073.48347582442,45596.42642315576,46071.25370240511,47468.764067519485,47468.764067519485
2025-07,베트남,B_recovering,47692.0,47120.19632185356,98917.55670777742,46676.86832301412,49967.3459894853,49967.3459894853
2025-08,베트남,B_recovering,51664.0,48398.14570086546,52295.26389972104,46379.0770702289,48217.32815439503,48217.32815439503
2025-09,베트남,B_recovering,46001.0,49027.30871626504,50925.82816044546,45237.93421034614,47792.34156896278,47792.34156896278
2025-10,베트남,B_recovering,50483.0,48809.193547192925,74650.75214277339,48747.772868282205,50849.02286703405,50849.02286703405
2025-11,베트남,B_recovering,44013.0,46198.65279393992,50707.2732325881,45425.84930060098,46680.48044017423,46680.48044017423
2025-12,베트남,B_recovering,34378.0,45109.64788681032,44839.78684219854,41777.682979987294,43929.37916747431,43929.37916747431
2025-01,일본,B_recovering,174717.0,256166.9907590713,204523.1246651676,2135344.211807754,739770.8837810055,174717.0
2025-02,일본,B_recovering,224482.0,223829.8930392,234139.76147549812,214741.10602422475,221974.36712080767,221974.36712080767
2025-03,일본,B_recovering,383312.0,269753.658673182,397000.9850627918,307673.6100066894,298668.0182169405,298668.0182169405
2025-04,일본,B_recovering,257903.0,298645.1124980666,255254.7343878961,276779.0123536782,286886.2427722056,286886.2427722056
2025-05,일본,B_recovering,291626.0,280209.234398042,329832.4326128849,294572.6065475444,293213.63903615664,293213.63903615664
2025-06,일본,B_recovering,287140.0,265968.9582282998,330209.5914690882,275050.7156528557,277065.26150493714,277065.26150493714
2025-07,일본,B_recovering,299782.0,255770.5606132305,299841.8104406413,275367.9641093995,270841.36016360985,270841.36016360985
2025-08,일본,B_recovering,378852.0,295282.7404879382,446960.3239940943,307307.710684791,312757.08323576924,312757.08323576924
2025-09,일본,B_recovering,370709.0,346188.0836135569,414636.3070767354,300370.6784985146,329167.67672312964,329167.67672312964
2025-10,일본,B_recovering,316776.0,365110.451411484,699987.3651981205,320248.98910194926,360504.2318454222,360504.2318454222
2025-11,일본,B_recovering,362879.0,323843.8745429667,538900.1128097097,325769.30308466754,339337.2033647886,339337.2033647886
2025-12,일본,B_recovering,304959.0,329250.22972995724,301248.66400170105,268047.3430998183,297655.3917449195,297655.3917449195
2025-01,중국,B_recovering,364460.0,317351.1948516592,320172.965998601,2411533.27408376,888598.0855640032,364460.0
2025-02,중국,B_recovering,340860.0,359697.57376036665,401268.8345810268,383116.1671558819,377300.1893560639,377300.1893560639
2025-03,중국,B_recovering,416849.0,334673.952246743,456056.3382517077,450119.4110073738,400292.1780705287,400292.1780705287
2025-04,중국,B_recovering,443230.0,386868.54908193374,423579.0889283222,485732.59156320506,440184.0226871047,440184.0226871047
2025-05,중국,B_recovering,484390.0,413955.2187005412,414407.74642394215,468965.1345915129,444458.914431322,444458.914431322
2025-06,중국,B_recovering,477052.0,455367.37801728776,453595.4417749644,452660.3383516085,457560.1218955121,457560.1218955121
2025-07,중국,B_recovering,602147.0,493463.2288580769,578816.7816787965,492216.26466576144,502233.62804138777,502233.62804138777
2025-08,중국,B_recovering,604618.0,645260.4957182305,757932.8753257979,499528.26170264254,577865.7197436547,577865.7197436547
2025-09,중국,B_recovering,503186.0,718133.1986344865,569716.301298203,466719.573820986,573144.3158694333,573144.3158694333
2025-10,중국,B_recovering,472477.0,589086.3754797028,792533.0530852355,483781.026868647,548658.4699016897,548658.4699016897
2025-11,중국,B_recovering,377866.0,501022.49321399786,386755.5934712666,436186.540185741,462671.8129941996,462671.8129941996
2025-12,중국,B_recovering,393834.0,436871.9554900151,331489.2234071301,412423.7721732562,419823.2426195927,419823.2426195927
2025-01,홍콩,B_recovering,44278.0,42691.048880719856,49814.38203885996,1366325.8028006926,249849.88756622135,44278.0
2025-02,홍콩,B_recovering,30270.0,50839.97540538726,56646.01800558488,44776.28327030763,48642.64406637383,48642.64406637383
2025-03,홍콩,B_recovering,44030.0,45390.13453185331,66686.30388122756,53182.98389226194,51108.75884392992,51108.75884392992
2025-04,홍콩,B_recovering,64591.0,47815.97598333869,53488.50065219469,54013.449156930496,51871.76922155608,51871.76922155608
2025-05,홍콩,B_recovering,51363.0,51031.71606311993,57124.33889803244,54087.84302906887,53609.7918234139,53609.7918234139
2025-06,홍콩,B_recovering,56109.0,54655.33296987149,65303.71716813921,54654.074820451206,56003.43964666526,56003.43964666526
2025-07,홍콩,B_recovering,64224.0,51448.84364105897,66498.45701242085,57565.56397762508,56092.48099751433,56092.48099751433
2025-08,홍콩,B_recovering,64860.0,52243.633609206016,74937.83470392978,57458.0558198404,56872.54711266423,56872.54711266423
2025-09,홍콩,B_recovering,40879.0,52562.45957754041,55173.52670268544,50398.4868875312,52268.64644240834,52268.64644240834
2025-10,홍콩,B_recovering,44671.0,55003.188070928656,95402.25252113194,57403.28912798491,59079.11859914383,59079.11859914383
2025-11,홍콩,B_recovering,49635.0,48662.53633831363,74429.88705254288,55535.71673031241,54215.14193840495,54215.14193840495
2025-12,홍콩,B_recovering,68239.0,49337.363024097576,70864.32015134924,56343.19361923981,54746.64281440409,54746.64281440409
2025-01,러시아,C_underperform,11513.0,13810.14484552411,15625.681781467716,26139.98695638756,19485.56713929004,11513.0
2025-02,러시아,C_underperform,11857.0,12557.783852612609,15902.072040338624,15105.840586848364,14217.528248208104,14217.528248208104
2025-03,러시아,C_underperform,19322.0,13899.223438795489,20427.958054723476,20327.271259066245,17537.066546299517,17537.066546299517
2025-04,러시아,C_underperform,26827.0,17042.17010695924,21924.733712011577,22782.92485547171,20357.38485084568,20357.38485084568
2025-05,러시아,C_underperform,21633.0,18256.9288367358,20610.77568472668,20945.291810471022,20009.98857686449,20009.98857686449
2025-06,러시아,C_underperform,19040.0,18579.767791903047,20040.242230282016,20472.874506315573,19891.54896447741,19891.54896447741
2025-07,러시아,C_underperform,20446.0,19199.16948656993,25991.632706473032,24955.1630286444,22686.21744974032,22686.21744974032
2025-08,러시아,C_underperform,21474.0,18404.216425681443,48066.19378433709,22625.30307991399,22125.04294970615,22125.04294970615
2025-09,러시아,C_underperform,19476.0,19140.789336469265,34978.390570937365,21272.463045427627,21339.435349613184,21339.435349613184
2025-10,러시아,C_underperform,23822.0,19994.76882897712,47550.37183925922,24572.714679065517,23875.105876287835,23875.105876287835
2025-11,러시아,C_underperform,17182.0,19358.153272961423,48900.36769721145,20116.21764949587,21333.914108031146,21333.914108031146
2025-12,러시아,C_underperform,11932.0,16764.81688523004,35214.54895370942,17537.535574261725,18309.10077572716,18309.10077572716
2025-01,아랍에미리트,C_underperform,312.0,743.6130436684027,681.0886948782213,1094.9523267679333,916.5000304669,312.0
2025-02,아랍에미리트,C_underperform,372.0,691.6589265996012,690.6210258308196,661.6856123876745,690.3790587529543,690.3790587529543
2025-03,아랍에미리트,C_underperform,513.0,623.0058639473018,565.2285124995104,596.5319579470479,618.1677943725775,618.1677943725775
2025-04,아랍에미리트,C_underperform,1213.0,1079.1297524568054,971.4155781850372,1044.675328149547,1074.949876363022,1074.949876363022
2025-05,아랍에미리트,C_underperform,717.0,1016.1565243470652,957.88944049795,989.416881530264,1018.5115728959108,1018.5115728959108
2025-06,아랍에미리트,C_underperform,627.0,819.9167192658173,847.6007106194602,863.8871675920698,860.8967909188779,860.8967909188779
2025-07,아랍에미리트,C_underperform,982.0,1085.8818739396602,1132.3342218364237,1160.0803610448395,1148.1920786891462,1148.1920786891462
2025-08,아랍에미리트,C_underperform,746.0,851.426883383585,1731.5230482907646,893.0253287212411,934.3754219072852,934.3754219072852
2025-09,아랍에미리트,C_underperform,598.0,800.2018383692042,1219.1867065752,763.3656170064294,820.8800262300645,820.8800262300645
2025-10,아랍에미리트,C_underperform,1041.0,906.4513041500808,1316.0985541574898,969.491863453244,981.4427012189926,981.4427012189926
2025-11,아랍에미리트,C_underperform,923.0,888.4828528270066,1410.3973773307446,893.1656792166376,938.2341475808764,938.2341475808764
2025-12,아랍에미리트,C_underperform,1199.0,1031.7629397401754,1643.465382431291,1011.06752355627,1075.580894041738,1075.580894041738
2025-01,태국,C_underperform,20447.0,22038.80282936748,20189.94910487566,36351.28111524927,28571.596882425853,20447.0
2025-02,태국,C_underperform,20598.0,22186.582897293112,22395.041746794668,25369.83696837341,24081.5354988648,24081.5354988648
2025-03,태국,C_underperform,27942.0,26682.047314031195,32433.258331432724,35115.90450442177,31472.222465326493,31472.222465326493
2025-04,태국,C_underperform,40689.0,32391.42659173211,40757.984767024034,45120.87941304731,39392.79620750991,39392.79620750991
2025-05,태국,C_underperform,29480.0,28045.12312700171,28364.11103558588,31903.738464644364,30351.909667611704,30351.909667611704
2025-06,태국,C_underperform,21179.0,23201.967932355183,20713.85570720562,24086.41688054572,23784.51491251592,23784.51491251592
2025-07,태국,C_underperform,20856.0,20939.89946927414,21539.662175786136,24748.098253339085,23141.68241027813,23141.68241027813
2025-08,태국,C_underperform,18844.0,19901.05354088104,39664.866208844745,23050.797673164347,22787.16528464205,22787.16528464205
2025-09,태국,C_underperform,21535.0,20378.17248757834,32724.52753975836,22978.999062455696,22680.309496290854,22680.309496290854
2025-10,태국,C_underperform,40937.0,31249.280296621637,72378.72051994172,44611.190568678416,40127.55712235464,40127.55712235464
2025-11,태국,C_underperform,32303.0,27614.250320486808,65026.97019577424,32635.918214875936,32289.370621057613,32289.370621057613
2025-12,태국,C_underperform,39120.0,29338.899577404027,63929.5270961822,35514.790054758334,34533.07453060292,34533.07453060292
2025-01,ETC,ETC_group,67940.0,74010.1560468319,89090.6554700846,73440.51220008566,75537.12801535828,67940.0
2025-02,ETC,ETC_group,77576.0,79419.1444954308,90451.56717077522,78100.37861173907,80373.19888270249,80373.19888270249
2025-03,ETC,ETC_group,110725.0,98594.51295664934,114485.31759430296,101047.1769786423,101968.02441895516,101968.02441895516
2025-04,ETC,ETC_group,138469.0,111051.07847981826,115867.37864699172,109924.71984094188,112006.62675761653,112006.62675761653
2025-05,ETC,ETC_group,113008.0,105816.4596302341,109021.11208101492,101212.12251093356,104820.15542964614,104820.15542964614
2025-06,ETC,ETC_group,100072.0,92893.24550471484,99320.9880708246,95010.98124280112,95441.31730232628,95441.31730232628
2025-07,ETC,ETC_group,108994.0,97652.86390901398,110180.4333923314,102643.26480046744,102086.1804649036,102086.1804649036
2025-08,ETC,ETC_group,132095.0,109289.865406247,117979.82967163395,112832.4963761977,112857.01972300562,112857.01972300562
2025-09,ETC,ETC_group,127860.0,111990.51037485166,114525.91267325688,108087.48695271296,111371.13116323222,111371.13116323222
2025-10,ETC,ETC_group,135603.0,111600.4165840934,114515.08509912709,113761.33485388035,114104.32431785871,114104.32431785871
2025-11,ETC,ETC_group,108207.0,95747.73965037215,99853.73033157608,95706.6462179149,97071.68078145832,97071.68078145832
2025-12,ETC,ETC_group,88285.0,84830.7894535006,91551.94092022188,81370.06396608397,84456.89938763801,84456.89938763801
